0.5545803904533386,1.0,0.5,0.0,2.0,0.30000001192092896,0.5,0.0,0.0,1.0,1.0,2.0,0.0,0.0,1.0,0.3883165419101715,1.0,180.0,0.0,3.0,0.0,2.0,0.0,135.0,1.0,3
0.6283939480781555,3.0,0.4420984983444214,4.0,2.0,0.20000000298023224,0.20000000298023224,7.0,0.0,0.9248185157775879,0.661618709564209,1.0,1.0,1.0,1.0,0.3605075180530548,0.5,0.0,0.10391491651535034,1.0,180.0,0.0,1.0,0.0,0.0,2
0.6850412487983704,5.0,0.1640731543302536,0.0,0.0,0.30000001192092896,0.20000000298023224,1.0,0.0,0.4304346740245819,0.46816402673721313,1.0,1.0,3.0,0.0,0.6935827732086182,0.5,0.0,0.0,1.0,0.0,2.0,1.0,0.0,1.0,2
0.7743111848831177,2.0,0.308571994304657,0.0,2.0,0.20000000298023224,0.30000001192092896,6.0,0.0,0.9910115003585815,0.71049565076828,2.0,1.0,1.0,0.0,0.9845515489578247,0.7060382962226868,270.0,0.0,1.0,0.0,2.0,1.0,6.0,1.0,1
0.12423604726791382,1.0,0.48939594626426697,7.0,1.0,0.5,0.20000000298023224,0.0,0.0,0.5150174498558044,0.6100770235061646,1.0,0.0,6.0,0.0,0.15783071517944336,1.0,180.0,0.0,17.0,0.0,1.0,0.0,0.0,1.0,4
0.32398366928100586,3.0,0.1616065800189972,3.0,0.0,0.5,0.30000001192092896,7.0,0.0,0.48966842889785767,1.0,2.0,0.0,6.0,2.0,0.594651997089386,0.0,328.0,0.30000001192092896,4.0,180.0,2.0,1.0,0.0,1.0,5
0.39186710119247437,7.0,0.12979352474212646,2.0,0.0,0.30000001192092896,0.20000000298023224,5.0,0.0,0.8070734739303589,0.7563855648040771,0.0,1.0,2.0,0.0,0.2538144290447235,0.0,350.0,0.0,8.0,0.0,2.0,1.0,198.0,0.0,4
0.22995930910110474,2.0,0.4708293378353119,3.0,2.0,0.30000001192092896,0.20000000298023224,1.0,0.0,0.9570133686065674,0.9568994045257568,2.0,1.0,0.0,2.0,0.3822888731956482,1.0,180.0,0.0,4.0,0.0,1.0,0.0,135.0,1.0,3
0.855372428894043,2.0,0.5,0.0,0.0,0.6000000238418579,0.30000001192092896,5.0,0.0,1.0,0.6269921064376831,1.0,0.0,1.0,2.0,0.39518532156944275,0.47587573528289795,0.0,0.0,3.0,0.0,0.0,0.0,0.0,1.0,3
0.51207435131073,7.0,0.2536633312702179,0.0,0.0,0.30000001192092896,0.6000000238418579,8.0,0.0,0.5992141366004944,1.0,2.0,0.0,4.0,2.0,0.19048567116260529,0.5,90.0,0.0,4.0,0.0,0.0,1.0,0.0,1.0,4
0.05316150188446045,2.0,0.480668306350708,0.0,0.0,0.20000000298023224,0.20000000298023224,4.0,0.0,1.0,0.4720592796802521,0.0,0.0,6.0,1.0,0.08066631108522415,0.9444041848182678,180.0,0.10000000149011612,18.0,135.0,1.0,0.0,0.0,1.0,5
0.8614429831504822,1.0,0.17580027878284454,8.0,0.0,0.5,0.30000001192092896,0.0,0.0,0.8784925937652588,0.8563511371612549,3.0,1.0,2.0,2.0,0.523016631603241,0.4163113236427307,180.0,0.20000000298023224,2.0,45.0,2.0,1.0,197.0,1.0,4
0.9055117964744568,7.0,0.5,0.0,1.0,0.5,0.6000000238418579,3.0,0.0,0.7511407136917114,1.0,0.0,0.0,0.0,1.0,0.900611162185669,1.0,18.0,0.10000000149011612,15.0,0.0,1.0,1.0,0.0,1.0,1
0.8340454697608948,4.0,0.4655931293964386,3.0,1.0,0.20000000298023224,0.20000000298023224,6.0,0.0,1.0,1.0,1.0,0.0,3.0,1.0,0.4988917410373688,0.5,135.0,0.0,1.0,0.0,1.0,0.0,0.0,1.0,2
0.7114223837852478,4.0,0.14637909829616547,8.0,1.0,0.30000001192092896,0.5,0.0,0.0,0.5779223442077637,0.8213709592819214,0.0,0.0,5.0,1.0,0.27654895186424255,1.0,0.0,0.0,11.0,0.0,0.0,0.0,90.0,0.0,2
0.4620358943939209,4.0,0.2085537612438202,7.0,2.0,0.30000001192092896,0.20000000298023224,7.0,0.0,1.0,1.0,3.0,1.0,3.0,1.0,0.8109644651412964,0.5,180.0,0.0,5.0,0.0,0.0,0.0,0.0,1.0,3
0.48131608963012695,8.0,0.14334739744663239,0.0,2.0,0.30000001192092896,0.5,6.0,0.0,1.0,1.0,2.0,0.0,0.0,0.0,0.8011791110038757,0.5,90.0,0.0,5.0,180.0,1.0,0.0,135.0,1.0,3
0.510567307472229,6.0,0.4114411771297455,4.0,2.0,0.20000000298023224,0.5,1.0,0.0,0.4896399974822998,0.5153958797454834,0.0,1.0,2.0,0.0,0.6211526393890381,0.5,180.0,0.0,1.0,0.0,2.0,0.0,0.0,1.0,3
0.9021170735359192,4.0,0.08006761223077774,8.0,0.0,0.20000000298023224,0.30000001192092896,8.0,0.0,0.7814750671386719,0.43993639945983887,0.0,1.0,2.0,2.0,0.837273359298706,0.5,0.0,0.0,1.0,0.0,1.0,1.0,0.0,1.0,3
0.7867225408554077,3.0,0.1376880705356598,3.0,0.0,0.30000001192092896,0.5,6.0,0.0,0.9398698806762695,0.7643541097640991,3.0,1.0,0.0,0.0,0.8446621298789978,0.17477524280548096,45.0,0.0,8.0,0.0,2.0,1.0,0.0,0.0,3
0.11683648824691772,4.0,0.09513736516237259,0.0,0.0,0.5,0.30000001192092896,1.0,0.0,0.8406298160552979,0.6622200012207031,0.0,0.0,4.0,1.0,0.44264477491378784,0.0,0.0,0.0,11.0,0.0,0.0,0.0,0.0,1.0,4
0.7918024659156799,4.0,0.46979600191116333,0.0,0.0,0.30000001192092896,0.5,6.0,0.0,1.0,0.7102829217910767,2.0,1.0,4.0,1.0,0.6024390459060669,0.7421029210090637,180.0,0.0,4.0,344.0,1.0,1.0,0.0,0.0,3
0.6474571824073792,2.0,0.11611873656511307,0.0,1.0,0.20000000298023224,0.30000001192092896,3.0,0.0,0.7095526456832886,1.0,1.0,0.0,6.0,2.0,0.7969286441802979,0.5,225.0,0.0,1.0,135.0,1.0,0.0,135.0,1.0,4
0.7286403775215149,3.0,0.1358799785375595,10.0,2.0,0.20000000298023224,0.20000000298023224,0.0,0.0,1.0,1.0,3.0,0.0,5.0,1.0,0.9178978204727173,1.0,45.0,0.0,17.0,0.0,2.0,1.0,0.0,1.0,1
0.6478051543235779,1.0,0.2489508092403412,0.0,0.0,0.20000000298023224,0.30000001192092896,0.0,0.0,0.9001299142837524,1.0,0.0,0.0,5.0,2.0,0.09267040342092514,0.0,0.0,0.0,1.0,180.0,1.0,1.0,0.0,1.0,4
0.014789402484893799,5.0,0.5,0.0,0.0,0.30000001192092896,0.5,5.0,0.0,0.7369594573974609,1.0,0.0,0.0,0.0,0.0,0.8036510944366455,1.0,135.0,0.38319116830825806,1.0,0.0,0.0,1.0,0.0,1.0,1
0.27055925130844116,1.0,0.140686497092247,0.0,2.0,0.20000000298023224,0.30000001192092896,2.0,0.0,0.8603225946426392,1.0,1.0,0.0,3.0,2.0,0.1799832582473755,0.26111191511154175,0.0,0.0,5.0,0.0,2.0,0.0,0.0,1.0,4
0.296505868434906,3.0,0.5,8.0,0.0,0.5,0.20000000298023224,0.0,0.0,0.641060471534729,0.6541954278945923,0.0,0.0,5.0,2.0,0.506732702255249,1.0,180.0,0.0,1.0,0.0,1.0,1.0,0.0,1.0,3
0.12601810693740845,4.0,0.12735731899738312,4.0,2.0,0.5,0.30000001192092896,4.0,0.0,0.913809061050415,1.0,0.0,1.0,3.0,1.0,0.30379384756088257,0.0,90.0,0.0,2.0,0.0,1.0,0.0,289.0,1.0,4
0.7466767430305481,3.0,0.2144586741924286,4.0,1.0,0.20000000298023224,0.20000000298023224,8.0,0.0,0.8665698766708374,0.9811445474624634,3.0,0.0,0.0,2.0,0.7017245888710022,0.5,225.0,0.0,13.0,0.0,2.0,0.0,135.0,0.0,3
0.534294605255127,6.0,0.2564016878604889,8.0,0.0,0.5,0.30000001192092896,3.0,0.0,1.0,1.0,0.0,1.0,1.0,2.0,0.9369818568229675,0.18464744091033936,0.0,0.30000001192092896,1.0,135.0,0.0,1.0,90.0,0.0,4
0.6046034693717957,8.0,0.018627557903528214,0.0,0.0,0.30000001192092896,0.5,4.0,0.0,1.0,0.5148150324821472,3.0,0.0,6.0,1.0,0.8876811861991882,1.0,315.0,0.3239455223083496,1.0,180.0,2.0,0.0,0.0,1.0,1
0.7899284958839417,2.0,0.11688751727342606,0.0,0.0,0.5,0.30000001192092896,7.0,0.0,0.6680691838264465,0.5919469594955444,2.0,0.0,0.0,1.0,0.829190731048584,0.5,270.0,0.30000001192092896,1.0,0.0,0.0,1.0,0.0,1.0,1
0.37235957384109497,5.0,0.31848853826522827,2.0,2.0,0.5,0.5,0.0,0.0,1.0,1.0,0.0,0.0,6.0,0.0,0.6440547108650208,0.9668987989425659,337.0,0.20000000298023224,3.0,225.0,2.0,0.0,0.0,1.0,1
0.8093259334564209,2.0,0.48096588253974915,10.0,0.0,0.20000000298023224,0.5,1.0,0.0,0.4955441951751709,0.7683135271072388,0.0,0.0,0.0,2.0,0.6809804439544678,1.0,135.0,0.0,2.0,0.0,2.0,0.0,0.0,0.0,2
0.4199233651161194,3.0,0.07785633951425552,0.0,1.0,0.5,0.20000000298023224,0.0,0.0,0.4674283266067505,0.7415488958358765,3.0,1.0,4.0,1.0,0.7475475072860718,0.5,0.0,0.0,1.0,135.0,0.0,1.0,0.0,1.0,2
0.9858903288841248,2.0,0.3757582902908325,0.0,2.0,0.20000000298023224,0.20000000298023224,4.0,0.0,0.4516475200653076,0.6966094970703125,3.0,0.0,6.0,2.0,0.3586413860321045,0.0,180.0,0.0,13.0,45.0,0.0,1.0,90.0,1.0,5
0.5212011337280273,2.0,0.19505828619003296,0.0,2.0,0.5,0.5,0.0,0.0,0.7877059578895569,0.7337894439697266,2.0,0.0,6.0,0.0,0.17541401088237762,1.0,180.0,0.4000000059604645,11.0,180.0,1.0,1.0,0.0,1.0,6
0.5822752118110657,2.0,0.2092156559228897,0.0,0.0,0.30000001192092896,0.20000000298023224,1.0,0.0,1.0,0.61400306224823,1.0,0.0,6.0,0.0,0.6373228430747986,0.0,0.0,0.0,16.0,180.0,0.0,1.0,0.0,1.0,6
0.8002926707267761,2.0,0.47370320558547974,5.0,1.0,0.5,0.20000000298023224,7.0,0.0,0.9589618444442749,0.9384130239486694,1.0,0.0,2.0,2.0,0.802977442741394,0.08469414710998535,0.0,0.0,20.0,0.0,1.0,1.0,0.0,1.0,4
0.6190620064735413,1.0,0.1575075387954712,4.0,1.0,0.5,0.30000001192092896,4.0,0.0,0.650138795375824,0.40796157717704773,3.0,1.0,6.0,1.0,0.9461679458618164,1.0,270.0,0.5,16.0,90.0,0.0,0.0,135.0,0.0,1
0.9199066758155823,3.0,0.3158991038799286,0.0,1.0,0.5,0.30000001192092896,4.0,0.0,0.50886470079422,1.0,0.0,1.0,0.0,1.0,0.6656509041786194,1.0,0.0,0.0,16.0,0.0,0.0,1.0,0.0,0.0,1
0.6276607513427734,4.0,0.06380293518304825,0.0,2.0,0.20000000298023224,0.5,6.0,0.0,0.772692859172821,1.0,3.0,0.0,3.0,0.0,0.36950647830963135,0.6147560477256775,0.0,0.0,3.0,0.0,2.0,0.0,135.0,1.0,3
0.0028505325317382812,3.0,0.33756306767463684,6.0,0.0,0.20000000298023224,0.6000000238418579,8.0,0.0,0.779153048992157,0.872259259223938,0.0,0.0,2.0,2.0,0.5475398302078247,1.0,0.0,0.0,4.0,0.0,1.0,1.0,0.0,1.0,3
0.30380111932754517,1.0,0.4594918489456177,9.0,2.0,0.30000001192092896,0.20000000298023224,0.0,0.0,0.8038285374641418,1.0,1.0,0.0,2.0,2.0,0.7845454812049866,0.5,180.0,0.0,4.0,180.0,2.0,0.0,0.0,1.0,3
0.6072492003440857,3.0,0.32457298040390015,0.0,0.0,0.6000000238418579,0.20000000298023224,3.0,0.0,0.4189552962779999,1.0,3.0,1.0,5.0,1.0,0.14355887472629547,0.5,0.0,0.0,5.0,0.0,1.0,0.0,0.0,0.0,6
0.5861889123916626,7.0,0.43355944752693176,2.0,2.0,0.6000000238418579,0.6000000238418579,2.0,0.0,0.4330473244190216,1.0,0.0,0.0,2.0,2.0,0.3987206518650055,0.5,331.0,0.0,14.0,135.0,1.0,0.0,0.0,1.0,6
0.14397823810577393,1.0,0.5,0.0,1.0,0.30000001192092896,0.30000001192092896,4.0,0.0,0.412189245223999,1.0,0.0,1.0,6.0,2.0,0.7860952615737915,0.48805010318756104,135.0,0.20000000298023224,1.0,180.0,0.0,1.0,0.0,0.0,3
0.8804494142532349,1.0,0.10621050745248795,10.0,1.0,0.20000000298023224,0.30000001192092896,4.0,0.0,0.76535564661026,1.0,3.0,1.0,4.0,2.0,0.5453197956085205,0.0,270.0,0.0,1.0,180.0,0.0,0.0,0.0,1.0,4
0.9512290954589844,7.0,0.395803838968277,0.0,0.0,0.20000000298023224,0.5,8.0,0.0,1.0,0.5924862623214722,2.0,0.0,6.0,1.0,0.9365898370742798,0.07020783424377441,45.0,0.0,12.0,180.0,1.0,1.0,90.0,0.0,3
0.5171786546707153,2.0,0.1269640028476715,4.0,0.0,0.5,0.30000001192092896,5.0,0.0,0.4981963634490967,1.0,2.0,0.0,4.0,2.0,0.24416114389896393,1.0,135.0,0.0,18.0,270.0,0.0,0.0,7.0,1.0,5
0.0498010516166687,4.0,0.22074167430400848,0.0,0.0,0.6000000238418579,0.30000001192092896,0.0,0.0,0.9483253955841064,0.6959220170974731,3.0,0.0,6.0,1.0,0.8503416776657104,0.5,225.0,0.0,3.0,180.0,2.0,1.0,0.0,1.0,3
0.36873096227645874,2.0,0.3338298499584198,3.0,0.0,0.30000001192092896,0.30000001192092896,3.0,0.0,0.6997755765914917,1.0,3.0,0.0,4.0,1.0,0.7960804104804993,0.0,0.0,0.0,5.0,180.0,1.0,0.0,227.0,1.0,3
0.5703827142715454,4.0,0.12835673987865448,3.0,2.0,0.20000000298023224,0.6000000238418579,3.0,0.0,0.4993518888950348,1.0,1.0,0.0,4.0,0.0,0.07756159454584122,1.0,349.0,0.0,18.0,180.0,1.0,0.0,0.0,1.0,7
0.2243446707725525,6.0,0.359241783618927,0.0,0.0,0.20000000298023224,0.20000000298023224,7.0,0.0,0.6262150406837463,0.5407026410102844,0.0,1.0,4.0,1.0,0.47543489933013916,0.9410442113876343,180.0,0.8528160452842712,1.0,0.0,2.0,0.0,0.0,1.0,1
0.3506366014480591,5.0,0.0229839775711298,0.0,0.0,0.20000000298023224,0.20000000298023224,7.0,0.0,0.8638960123062134,1.0,3.0,1.0,6.0,2.0,0.9657436013221741,0.5,80.0,0.0,4.0,0.0,0.0,0.0,0.0,1.0,5
0.7375529408454895,4.0,0.3334430158138275,6.0,1.0,0.30000001192092896,0.20000000298023224,7.0,0.0,0.7694011926651001,1.0,2.0,1.0,5.0,0.0,0.12953826785087585,0.09009712934494019,315.0,0.20000000298023224,1.0,0.0,0.0,0.0,0.0,1.0,7
0.0783379077911377,7.0,0.4024604260921478,0.0,1.0,0.20000000298023224,0.5,1.0,0.0,0.5162554383277893,0.5890120267868042,1.0,1.0,0.0,2.0,0.8181718587875366,0.5224251747131348,0.0,0.0,14.0,0.0,2.0,0.0,0.0,1.0,3
0.7918593287467957,7.0,0.06241269037127495,0.0,2.0,0.20000000298023224,0.5,5.0,0.0,0.92255699634552,0.5284380912780762,1.0,1.0,4.0,0.0,0.9372633695602417,1.0,135.0,0.0,1.0,315.0,0.0,1.0,135.0,1.0,1
0.1432739496231079,4.0,0.43279534578323364,8.0,2.0,0.6000000238418579,0.20000000298023224,7.0,0.0,0.6457377672195435,0.5874491333961487,0.0,1.0,6.0,0.0,0.7585582137107849,0.5,0.0,0.10000000149011612,3.0,180.0,2.0,0.0,135.0,0.0,2
0.08682161569595337,1.0,0.3153686821460724,0.0,1.0,0.20000000298023224,0.20000000298023224,7.0,0.0,0.4393531382083893,1.0,2.0,0.0,6.0,0.0,0.6414492130279541,0.0,180.0,0.0,1.0,270.0,0.0,1.0,143.0,0.0,3
0.5443477034568787,2.0,0.0669628232717514,5.0,1.0,0.30000001192092896,0.30000001192092896,7.0,0.0,0.800274670124054,0.7559202909469604,1.0,0.0,1.0,1.0,0.23497886955738068,0.0,0.0,0.0,1.0,180.0,0.0,1.0,0.0,0.0,4
0.8115580081939697,1.0,0.43612539768218994,7.0,1.0,0.30000001192092896,0.20000000298023224,2.0,0.0,0.46961668133735657,0.5280103087425232,1.0,0.0,6.0,0.0,0.8302795886993408,1.0,0.0,0.0,3.0,0.0,0.0,0.0,0.0,1.0,1
0.47172313928604126,5.0,0.35729557275772095,3.0,0.0,0.5,0.30000001192092896,2.0,0.0,0.7448315024375916,0.9559272527694702,0.0,0.0,2.0,2.0,0.3523646891117096,0.5,163.0,0.5,10.0,135.0,1.0,0.0,0.0,0.0,2
0.9589554667472839,2.0,0.08745483309030533,4.0,2.0,0.30000001192092896,0.20000000298023224,6.0,0.0,0.4270545244216919,0.8837401270866394,0.0,0.0,4.0,0.0,0.6766022443771362,0.0,315.0,0.0,4.0,187.0,0.0,0.0,101.0,1.0,6
0.6924142241477966,3.0,0.2354247272014618,0.0,2.0,0.20000000298023224,0.5,7.0,0.0,0.7299900054931641,0.4988390803337097,1.0,1.0,4.0,0.0,0.5765480399131775,1.0,315.0,0.0,16.0,0.0,1.0,1.0,113.0,1.0,1
0.23234987258911133,2.0,0.4100143313407898,5.0,2.0,0.30000001192092896,0.30000001192092896,5.0,0.0,0.5004525780677795,0.7473379373550415,1.0,1.0,4.0,1.0,0.4099828600883484,0.5,0.0,0.0,3.0,135.0,0.0,0.0,90.0,1.0,2
0.46008485555648804,3.0,0.4188953936100006,0.0,2.0,0.5,0.30000001192092896,1.0,0.0,0.49533772468566895,1.0,3.0,1.0,5.0,2.0,0.10638392716646194,0.5,0.0,0.0,5.0,0.0,0.0,0.0,135.0,1.0,4
0.5260967016220093,4.0,0.44584915041923523,3.0,2.0,0.6000000238418579,0.5,3.0,0.0,0.5999621748924255,1.0,1.0,0.0,4.0,0.0,0.27395471930503845,1.0,0.0,0.0,9.0,180.0,0.0,0.0,135.0,0.0,4
0.14775127172470093,4.0,0.14553192257881165,0.0,1.0,0.30000001192092896,0.5,6.0,0.0,1.0,0.9194389581680298,2.0,1.0,0.0,0.0,0.6306871771812439,0.3981495499610901,0.0,0.6860675811767578,5.0,315.0,1.0,0.0,0.0,0.0,3
0.6193389296531677,6.0,0.2649613916873932,4.0,2.0,0.20000000298023224,0.6000000238418579,0.0,0.0,1.0,0.5518828630447388,0.0,0.0,0.0,1.0,0.5488757491111755,0.0,0.0,0.0,4.0,0.0,1.0,1.0,0.0,0.0,3
0.17044562101364136,3.0,0.43439093232154846,4.0,0.0,0.30000001192092896,0.30000001192092896,1.0,0.0,0.4303199052810669,0.8096367120742798,3.0,1.0,5.0,2.0,0.5929445624351501,0.0,0.0,0.10000000149011612,2.0,90.0,1.0,0.0,135.0,0.0,4
0.33359503746032715,2.0,0.46477460861206055,10.0,2.0,0.5,0.20000000298023224,8.0,0.0,0.6006289720535278,0.8554274439811707,0.0,0.0,6.0,2.0,0.9835530519485474,0.5,326.0,0.10000000149011612,1.0,90.0,2.0,1.0,45.0,1.0,4
0.4817126393318176,2.0,0.41751569509506226,8.0,2.0,0.30000001192092896,0.6000000238418579,3.0,0.0,0.5845792293548584,0.8261299133300781,0.0,0.0,0.0,2.0,0.4381060004234314,0.0,138.0,0.20000000298023224,11.0,0.0,1.0,1.0,0.0,0.0,4
0.8728577494621277,2.0,0.4258309602737427,0.0,2.0,0.20000000298023224,0.5,7.0,0.0,0.5869581699371338,0.46632620692253113,3.0,0.0,1.0,2.0,0.994454026222229,0.0,0.0,0.0,4.0,0.0,1.0,0.0,89.0,1.0,4
0.35540860891342163,4.0,0.32812854647636414,8.0,2.0,0.6000000238418579,0.20000000298023224,6.0,0.0,0.4901552200317383,0.40417802333831787,3.0,1.0,2.0,1.0,0.6748193502426147,1.0,0.0,0.0,1.0,298.0,0.0,1.0,61.0,1.0,1
0.4908280372619629,8.0,0.18286705017089844,8.0,2.0,0.20000000298023224,0.20000000298023224,0.0,0.0,0.5904266834259033,0.938130259513855,0.0,0.0,3.0,2.0,0.22672371566295624,0.0,270.0,0.20000000298023224,1.0,0.0,2.0,0.0,8.0,1.0,3
0.18006736040115356,4.0,0.2980915606021881,0.0,0.0,0.30000001192092896,0.30000001192092896,2.0,0.0,0.4780657887458801,1.0,1.0,0.0,3.0,2.0,0.35479047894477844,0.0,225.0,0.0,1.0,180.0,1.0,0.0,0.0,1.0,4
0.3691602945327759,4.0,0.4106726050376892,4.0,1.0,0.5,0.20000000298023224,3.0,0.0,0.7769108414649963,0.5295085906982422,0.0,0.0,2.0,1.0,0.3872746527194977,0.0,45.0,0.0,7.0,0.0,0.0,0.0,0.0,1.0,3
0.13599467277526855,3.0,0.0212554968893528,9.0,2.0,0.20000000298023224,0.30000001192092896,4.0,0.0,0.9277994632720947,1.0,2.0,0.0,1.0,2.0,0.4137476980686188,0.7604711651802063,0.0,0.0,3.0,0.0,0.0,1.0,45.0,1.0,3
0.863101601600647,3.0,0.03459892049431801,0.0,1.0,0.20000000298023224,0.30000001192092896,2.0,0.0,1.0,0.6061873435974121,1.0,1.0,6.0,2.0,0.11811690032482147,0.0,90.0,0.0,3.0,270.0,0.0,1.0,0.0,0.0,4
0.6136224269866943,1.0,0.12032217532396317,5.0,2.0,0.20000000298023224,0.20000000298023224,8.0,0.0,0.966604471206665,1.0,0.0,0.0,6.0,1.0,0.3275212347507477,0.0,135.0,0.0,8.0,0.0,2.0,0.0,0.0,1.0,4
0.29970359802246094,4.0,0.020940784364938736,0.0,1.0,0.30000001192092896,0.30000001192092896,7.0,0.0,0.5807315111160278,1.0,1.0,1.0,5.0,0.0,0.6435484290122986,0.7447773218154907,0.0,0.0,1.0,0.0,0.0,0.0,0.0,0.0,3
0.4920058250427246,2.0,0.43346527218818665,4.0,1.0,0.6000000238418579,0.5,6.0,0.0,0.8266297578811646,1.0,1.0,0.0,1.0,1.0,0.453073650598526,0.0669909119606018,0.0,0.0,10.0,0.0,0.0,0.0,0.0,1.0,3
0.8961037993431091,1.0,0.5,0.0,2.0,0.30000001192092896,0.20000000298023224,1.0,0.0,0.8713994026184082,0.5108625292778015,1.0,1.0,2.0,1.0,0.5902746319770813,1.0,180.0,0.0,1.0,225.0,0.0,0.0,0.0,1.0,1
0.7887221574783325,1.0,0.17862120270729065,0.0,0.0,0.5,0.30000001192092896,1.0,0.0,0.8832615613937378,0.4664941430091858,0.0,1.0,0.0,0.0,0.7328563928604126,0.0,0.0,0.10000000149011612,3.0,0.0,0.0,0.0,0.0,1.0,3
0.9162842631340027,2.0,0.2740163505077362,0.0,2.0,0.30000001192092896,0.5,5.0,0.0,0.6896917819976807,1.0,0.0,1.0,3.0,0.0,0.7927859425544739,0.5,315.0,0.0,3.0,0.0,1.0,1.0,0.0,1.0,2
0.5235823392868042,3.0,0.22041286528110504,0.0,2.0,0.5,0.20000000298023224,7.0,0.0,0.5662661790847778,1.0,2.0,1.0,4.0,1.0,0.8379330635070801,0.1535036563873291,257.0,0.0,10.0,225.0,0.0,1.0,115.0,1.0,5
0.77814120054245,2.0,0.14125271141529083,0.0,2.0,0.20000000298023224,0.20000000298023224,6.0,0.0,0.8219688534736633,1.0,3.0,1.0,5.0,2.0,0.705349862575531,1.0,180.0,0.4000000059604645,15.0,180.0,1.0,1.0,0.0,1.0,1
0.5932836532592773,3.0,0.4199061393737793,3.0,1.0,0.5,0.20000000298023224,5.0,0.0,0.4453098177909851,0.7340415120124817,1.0,1.0,5.0,1.0,0.755240261554718,1.0,180.0,0.0,1.0,0.0,2.0,1.0,0.0,0.0,1
0.8263458013534546,3.0,0.25375646352767944,8.0,1.0,0.20000000298023224,0.6000000238418579,0.0,0.0,0.683692216873169,0.8535463809967041,0.0,0.0,5.0,1.0,0.1439066082239151,0.42061281204223633,0.0,0.0,1.0,90.0,1.0,0.0,0.0,1.0,5
0.5300478339195251,6.0,0.1262659877538681,8.0,1.0,0.20000000298023224,0.20000000298023224,8.0,0.0,0.4272710680961609,0.7225031852722168,1.0,0.0,2.0,2.0,0.3472706377506256,0.2584766745567322,180.0,0.0,1.0,0.0,0.0,1.0,0.0,1.0,4
0.3456261157989502,3.0,0.4574863016605377,2.0,0.0,0.20000000298023224,0.6000000238418579,0.0,0.0,0.8580453395843506,0.8046259880065918,0.0,1.0,5.0,0.0,0.7197227478027344,0.0,315.0,0.5,3.0,0.0,2.0,0.0,45.0,1.0,5
0.1647990345954895,1.0,0.5,10.0,2.0,0.20000000298023224,0.30000001192092896,6.0,0.0,0.4129023849964142,1.0,2.0,1.0,2.0,0.0,0.7369279265403748,0.7590309977531433,180.0,0.5,3.0,0.0,1.0,0.0,0.0,1.0,1
0.06642657518386841,8.0,0.29272356629371643,0.0,0.0,0.20000000298023224,0.20000000298023224,0.0,0.0,1.0,0.8015897274017334,2.0,1.0,1.0,2.0,0.265766978263855,0.0,135.0,0.0,3.0,0.0,0.0,0.0,0.0,1.0,5
0.10348629951477051,2.0,0.3269253969192505,0.0,2.0,0.30000001192092896,0.6000000238418579,5.0,0.0,0.9352736473083496,0.9229406118392944,1.0,0.0,4.0,1.0,0.8386464715003967,0.5,225.0,0.0,10.0,45.0,1.0,0.0,23.0,1.0,2
0.4621606469154358,1.0,0.5,5.0,2.0,0.20000000298023224,0.5,7.0,0.0,0.963029146194458,0.5884719491004944,2.0,1.0,1.0,0.0,0.6758729815483093,0.06130969524383545,0.0,0.0,1.0,0.0,0.0,1.0,0.0,1.0,2
0.3008165955543518,3.0,0.21233296394348145,9.0,0.0,0.20000000298023224,0.20000000298023224,8.0,0.0,0.7043473720550537,0.9712145328521729,2.0,0.0,6.0,2.0,0.7700241804122925,0.0,198.0,0.4000000059604645,5.0,0.0,2.0,0.0,90.0,1.0,4
0.30935215950012207,1.0,0.4108678996562958,5.0,1.0,0.20000000298023224,0.20000000298023224,8.0,0.0,0.4706679582595825,0.7836260795593262,3.0,1.0,3.0,1.0,0.05762940272688866,1.0,0.0,0.10000000149011612,8.0,90.0,2.0,1.0,135.0,0.0,5
0.9541265368461609,4.0,0.46251359581947327,5.0,0.0,0.20000000298023224,0.20000000298023224,4.0,0.0,0.6951709985733032,0.5125141143798828,0.0,0.0,6.0,0.0,0.7831987142562866,1.0,0.0,0.0,4.0,0.0,2.0,0.0,0.0,1.0,1
0.48685842752456665,6.0,0.44746628403663635,3.0,1.0,0.20000000298023224,0.30000001192092896,0.0,0.0,0.9356421232223511,0.4063090980052948,1.0,1.0,6.0,0.0,0.3142237365245819,1.0,0.0,0.0,1.0,225.0,1.0,0.0,45.0,0.0,5
0.09471482038497925,1.0,0.2910533547401428,6.0,1.0,0.30000001192092896,0.6000000238418579,0.0,0.0,0.8975731134414673,0.6023746728897095,2.0,0.0,2.0,2.0,0.5326292514801025,0.346510648727417,315.0,0.0,8.0,90.0,0.0,0.0,0.0,1.0,4
0.7392328977584839,2.0,0.5,3.0,1.0,0.30000001192092896,0.20000000298023224,2.0,0.0,1.0,0.5160837769508362,2.0,0.0,2.0,2.0,0.317130982875824,0.40535932779312134,0.0,0.0,7.0,180.0,2.0,1.0,0.0,0.0,3
0.10611653327941895,2.0,0.11893166601657867,5.0,2.0,0.30000001192092896,0.20000000298023224,2.0,0.0,1.0,0.43950337171554565,0.0,1.0,4.0,2.0,0.4475290775299072,0.14256298542022705,0.0,0.4000000059604645,9.0,0.0,0.0,1.0,0.0,1.0,3
0.9863542914390564,4.0,0.5,8.0,2.0,0.20000000298023224,0.20000000298023224,5.0,0.0,0.7420046329498291,1.0,1.0,1.0,1.0,1.0,0.17440684139728546,0.0,0.0,0.5,1.0,0.0,0.0,1.0,0.0,1.0,4
0.5081037878990173,4.0,0.3795488178730011,0.0,0.0,0.5,0.30000001192092896,3.0,0.0,0.8676802515983582,1.0,0.0,0.0,1.0,1.0,0.9132366180419922,0.5,180.0,0.9916562438011169,1.0,0.0,2.0,1.0,0.0,1.0,1
0.7941271066665649,3.0,0.3619900047779083,0.0,0.0,0.5,0.5,4.0,0.0,1.0,0.6154325008392334,2.0,0.0,5.0,2.0,0.20457376539707184,0.8937596678733826,0.0,0.0,3.0,3.0,2.0,0.0,45.0,1.0,5
0.5993368029594421,1.0,0.08972674608230591,0.0,0.0,0.30000001192092896,0.30000001192092896,4.0,0.0,1.0,0.5986952781677246,1.0,0.0,5.0,0.0,0.09270720928907394,0.0,0.0,0.11715364456176758,1.0,26.0,2.0,1.0,0.0,1.0,7
0.349833607673645,2.0,0.40077972412109375,3.0,2.0,0.30000001192092896,0.20000000298023224,0.0,0.0,1.0,1.0,3.0,1.0,5.0,1.0,0.3496874272823334,0.54488605260849,135.0,0.0,1.0,0.0,0.0,1.0,0.0,0.0,4
0.41638338565826416,6.0,0.2609969973564148,0.0,2.0,0.20000000298023224,0.5,0.0,0.0,0.5446569323539734,0.6680299043655396,0.0,1.0,0.0,1.0,0.9770506024360657,0.0,135.0,0.0,3.0,315.0,2.0,1.0,0.0,1.0,6
0.9342367053031921,2.0,0.23328149318695068,0.0,0.0,0.30000001192092896,0.6000000238418579,5.0,0.0,0.43849557638168335,0.8931587934494019,0.0,1.0,5.0,2.0,0.2364867776632309,0.0,90.0,0.0,5.0,45.0,0.0,0.0,0.0,1.0,7
0.2362247109413147,4.0,0.0866943970322609,3.0,0.0,0.20000000298023224,0.6000000238418579,6.0,0.0,1.0,1.0,1.0,1.0,4.0,2.0,0.8537026047706604,0.0,315.0,0.0,1.0,0.0,1.0,1.0,0.0,1.0,5
0.6275470852851868,3.0,0.42179107666015625,4.0,2.0,0.20000000298023224,0.20000000298023224,4.0,0.0,0.4615021049976349,1.0,1.0,1.0,2.0,1.0,0.6697593331336975,0.0,180.0,0.0,5.0,0.0,2.0,0.0,0.0,1.0,4
0.8954336643218994,4.0,0.286750465631485,0.0,1.0,0.30000001192092896,0.5,4.0,0.0,0.4032619595527649,0.6645961999893188,2.0,0.0,3.0,2.0,0.1420980840921402,0.0711054801940918,0.0,0.0,1.0,0.0,2.0,1.0,0.0,1.0,5
0.20776116847991943,6.0,0.03549327701330185,0.0,1.0,0.20000000298023224,0.20000000298023224,5.0,0.0,0.44218140840530396,1.0,1.0,0.0,0.0,0.0,0.5177299976348877,1.0,45.0,0.5,14.0,90.0,0.0,1.0,0.0,1.0,1
0.2221505045890808,4.0,0.4601849913597107,0.0,1.0,0.30000001192092896,0.20000000298023224,5.0,0.0,0.6543542146682739,1.0,2.0,1.0,2.0,0.0,0.6853588819503784,0.5,225.0,0.0,18.0,0.0,0.0,0.0,0.0,1.0,4
0.7306578159332275,1.0,0.2630215585231781,0.0,1.0,0.20000000298023224,0.20000000298023224,5.0,0.0,0.8289191722869873,0.5461713671684265,2.0,0.0,1.0,1.0,0.36578643321990967,0.6057277917861938,0.0,0.0,4.0,0.0,2.0,1.0,0.0,1.0,3
0.15510684251785278,1.0,0.15741094946861267,3.0,1.0,0.30000001192092896,0.5,0.0,0.0,0.4187617003917694,0.8554471731185913,1.0,0.0,1.0,2.0,0.9019076824188232,0.0,225.0,0.4469842314720154,8.0,0.0,0.0,0.0,0.0,1.0,6
0.6570420265197754,3.0,0.362166166305542,0.0,2.0,0.30000001192092896,0.5,5.0,0.0,1.0,1.0,0.0,0.0,2.0,2.0,0.4899163246154785,1.0,0.0,0.0,3.0,180.0,1.0,1.0,0.0,0.0,3
0.763706624507904,4.0,0.23598285019397736,6.0,0.0,0.20000000298023224,0.5,0.0,0.0,0.7076065540313721,1.0,1.0,1.0,2.0,1.0,0.4135119616985321,0.8029462695121765,0.0,0.0,17.0,180.0,0.0,1.0,0.0,1.0,3
0.10390239953994751,7.0,0.5,0.0,2.0,0.5,0.20000000298023224,5.0,0.0,0.9454773664474487,0.7208011150360107,1.0,0.0,5.0,0.0,0.2674124240875244,1.0,180.0,0.5,3.0,0.0,0.0,1.0,0.0,1.0,4
0.569136917591095,3.0,0.4024982750415802,3.0,2.0,0.6000000238418579,0.20000000298023224,7.0,0.0,0.43763604760169983,1.0,0.0,0.0,1.0,1.0,0.05511143058538437,0.0,0.0,0.0,13.0,0.0,0.0,0.0,236.0,0.0,7
0.5343896746635437,1.0,0.5,0.0,0.0,0.6000000238418579,0.20000000298023224,1.0,0.0,0.40104082226753235,0.9260411262512207,0.0,1.0,0.0,0.0,0.0846192017197609,0.36340880393981934,90.0,0.0,1.0,45.0,2.0,1.0,135.0,1.0,8
0.8113423585891724,4.0,0.5,0.0,1.0,0.5,0.30000001192092896,1.0,0.0,0.5820972919464111,0.7461198568344116,0.0,0.0,1.0,1.0,0.6120344400405884,0.5,90.0,0.30000001192092896,3.0,315.0,2.0,1.0,0.0,1.0,2
0.11242902278900146,6.0,0.30683985352516174,0.0,2.0,0.30000001192092896,0.5,0.0,0.0,0.5128743648529053,0.775321364402771,0.0,1.0,0.0,1.0,0.644501805305481,0.9915295243263245,0.0,0.0,9.0,0.0,0.0,1.0,90.0,1.0,1
0.7012772560119629,3.0,0.344717800617218,0.0,0.0,0.5,0.20000000298023224,0.0,0.0,0.6215472221374512,0.8093899488449097,1.0,1.0,3.0,0.0,0.8305976390838623,0.0,45.0,0.0,2.0,77.0,0.0,0.0,0.0,0.0,5
0.8799906373023987,4.0,0.3962988257408142,8.0,1.0,0.30000001192092896,0.6000000238418579,6.0,0.0,0.428918719291687,1.0,0.0,0.0,3.0,0.0,0.32271721959114075,0.5,0.0,0.20000000298023224,19.0,0.0,1.0,0.0,0.0,1.0,1
0.16109609603881836,3.0,0.06381171196699142,10.0,1.0,0.20000000298023224,0.30000001192092896,8.0,0.0,0.997002124786377,1.0,2.0,1.0,4.0,1.0,0.3384513258934021,0.5,0.0,0.20000000298023224,2.0,225.0,0.0,1.0,0.0,0.0,3
0.6703090071678162,3.0,0.3504205346107483,0.0,1.0,0.20000000298023224,0.30000001192092896,5.0,0.0,0.8804051876068115,1.0,2.0,0.0,2.0,0.0,0.9365954399108887,1.0,225.0,0.0,1.0,0.0,2.0,1.0,0.0,1.0,1
0.0839226245880127,3.0,0.15938988327980042,0.0,0.0,0.5,0.30000001192092896,6.0,0.0,0.6257967352867126,1.0,0.0,1.0,3.0,2.0,0.6798006892204285,1.0,180.0,0.0,4.0,0.0,2.0,0.0,168.0,1.0,1
0.2535519599914551,2.0,0.30419623851776123,0.0,2.0,0.20000000298023224,0.5,4.0,0.0,1.0,1.0,0.0,1.0,4.0,1.0,0.2962927520275116,0.0,180.0,0.4000000059604645,2.0,0.0,1.0,1.0,0.0,1.0,4
0.06474751234054565,7.0,0.05007023736834526,9.0,0.0,0.20000000298023224,0.30000001192092896,0.0,0.0,0.9315913915634155,1.0,0.0,1.0,0.0,1.0,0.15232643485069275,1.0,0.0,0.0,6.0,0.0,0.0,0.0,0.0,0.0,3
0.08060115575790405,2.0,0.06052427366375923,0.0,0.0,0.30000001192092896,0.20000000298023224,7.0,0.0,0.6955368518829346,0.9817943572998047,0.0,1.0,6.0,1.0,0.11048013716936111,0.672175407409668,0.0,0.4000000059604645,1.0,0.0,2.0,1.0,0.0,1.0,6
0.7681673169136047,4.0,0.13456282019615173,7.0,0.0,0.5,0.30000001192092896,2.0,0.0,0.47017374634742737,0.8940919637680054,0.0,1.0,5.0,0.0,0.5453612804412842,1.0,0.0,0.0,1.0,0.0,0.0,1.0,145.0,1.0,3
0.3068464994430542,4.0,0.4635714590549469,5.0,2.0,0.20000000298023224,0.6000000238418579,4.0,0.0,0.9041815996170044,1.0,1.0,0.0,6.0,0.0,0.4067589044570923,0.5,0.0,0.0,4.0,0.0,2.0,0.0,0.0,1.0,4
0.33853238821029663,3.0,0.4731311500072479,0.0,0.0,0.30000001192092896,0.30000001192092896,4.0,0.0,0.4299919605255127,1.0,2.0,1.0,4.0,2.0,0.4118589460849762,1.0,180.0,0.4000000059604645,1.0,180.0,0.0,1.0,0.0,1.0,3
0.6554802656173706,2.0,0.16865593194961548,0.0,1.0,0.5,0.5,7.0,0.0,0.7762606739997864,0.8565859794616699,1.0,0.0,5.0,1.0,0.5508686304092407,0.0,180.0,0.0,9.0,0.0,2.0,1.0,90.0,1.0,4
0.3331950306892395,4.0,0.2704155743122101,9.0,0.0,0.20000000298023224,0.30000001192092896,7.0,0.0,0.8505294322967529,0.6049522161483765,1.0,1.0,2.0,0.0,0.05772453173995018,0.0895879864692688,270.0,0.0,16.0,315.0,2.0,0.0,0.0,1.0,8
0.43608248233795166,7.0,0.3696122467517853,0.0,2.0,0.5,0.20000000298023224,8.0,0.0,0.6561328172683716,1.0,1.0,0.0,4.0,0.0,0.2623324394226074,0.5,270.0,0.0,1.0,135.0,0.0,1.0,0.0,0.0,7
0.7076336145401001,1.0,0.5,0.0,2.0,0.20000000298023224,0.5,4.0,0.0,1.0,1.0,0.0,0.0,3.0,2.0,0.09505632519721985,0.5,0.0,0.0,1.0,180.0,1.0,1.0,0.0,1.0,6
0.43982553482055664,7.0,0.18048055469989777,0.0,1.0,0.30000001192092896,0.30000001192092896,2.0,0.0,0.9844601154327393,0.6242446899414062,1.0,0.0,5.0,0.0,0.9709745049476624,0.9520304799079895,180.0,0.10000000149011612,1.0,0.0,2.0,1.0,90.0,1.0,1
0.11809378862380981,2.0,0.05764858424663544,0.0,1.0,0.20000000298023224,0.5,1.0,0.0,0.9235895872116089,1.0,0.0,0.0,3.0,0.0,0.9582633972167969,0.5,180.0,0.0,1.0,135.0,0.0,1.0,0.0,1.0,1
0.9610260725021362,2.0,0.2085157334804535,0.0,0.0,0.5,0.20000000298023224,7.0,0.0,0.7351195812225342,1.0,1.0,1.0,4.0,2.0,0.7096007466316223,0.5,180.0,0.5,3.0,180.0,0.0,1.0,0.0,1.0,1
0.7769815325737,3.0,0.5,8.0,2.0,0.20000000298023224,0.6000000238418579,2.0,0.0,0.48373687267303467,0.4575728476047516,0.0,1.0,5.0,1.0,0.47246652841567993,1.0,90.0,0.20000000298023224,4.0,0.0,1.0,1.0,0.0,0.0,2
0.27279549837112427,3.0,0.3117750883102417,5.0,2.0,0.20000000298023224,0.30000001192092896,3.0,0.0,0.45278188586235046,0.5350314974784851,1.0,0.0,0.0,0.0,0.8287405967712402,0.5,189.0,0.0,18.0,0.0,1.0,1.0,0.0,1.0,1
0.9206327199935913,4.0,0.297448992729187,7.0,1.0,0.5,0.6000000238418579,4.0,0.0,0.9754501581192017,0.6343182921409607,0.0,0.0,0.0,0.0,0.5992262363433838,0.0,180.0,0.0,2.0,0.0,1.0,0.0,0.0,1.0,6
0.1420648694038391,2.0,0.20378774404525757,5.0,1.0,0.20000000298023224,0.5,7.0,0.0,1.0,0.9756367206573486,0.0,0.0,1.0,2.0,0.4377490282058716,0.0,0.0,0.0,1.0,270.0,0.0,0.0,0.0,1.0,5
0.5784674286842346,1.0,0.38563305139541626,0.0,0.0,0.30000001192092896,0.30000001192092896,4.0,0.0,0.4056161642074585,0.8231890201568604,0.0,0.0,0.0,0.0,0.9187531471252441,1.0,270.0,0.0,15.0,0.0,0.0,0.0,0.0,0.0,1
0.4893004894256592,2.0,0.4745226502418518,8.0,1.0,0.20000000298023224,0.5,4.0,0.0,0.8344840407371521,1.0,3.0,0.0,3.0,1.0,0.9506434202194214,0.0,0.0,0.0,18.0,0.0,2.0,1.0,240.0,0.0,4
0.29523295164108276,3.0,0.22920076549053192,7.0,0.0,0.20000000298023224,0.5,4.0,0.0,1.0,0.4141369163990021,1.0,0.0,0.0,0.0,0.07720168679952621,1.0,0.0,0.30000001192092896,1.0,162.0,2.0,1.0,0.0,1.0,7
0.866908609867096,3.0,0.16447728872299194,3.0,2.0,0.30000001192092896,0.5,1.0,0.0,0.8776190280914307,0.515356183052063,0.0,1.0,4.0,0.0,0.15002107620239258,0.6710808873176575,180.0,0.0,1.0,0.0,0.0,1.0,0.0,0.0,7
0.11049401760101318,2.0,0.31255385279655457,5.0,1.0,0.20000000298023224,0.20000000298023224,5.0,0.0,1.0,0.9000934362411499,3.0,1.0,2.0,1.0,0.8403900265693665,0.7990027070045471,0.0,0.0,2.0,264.0,1.0,0.0,0.0,0.0,1
0.7869156002998352,1.0,0.5,0.0,2.0,0.30000001192092896,0.30000001192092896,4.0,0.0,0.5064812302589417,1.0,3.0,0.0,0.0,0.0,0.7483420372009277,1.0,0.0,0.5,1.0,0.0,1.0,1.0,0.0,0.0,1
0.8763114809989929,3.0,0.12240387499332428,3.0,2.0,0.6000000238418579,0.5,5.0,0.0,0.4259624183177948,0.6407698392868042,1.0,1.0,6.0,2.0,0.7178792953491211,0.968460738658905,0.0,0.30000001192092896,1.0,45.0,2.0,1.0,0.0,1.0,1
0.015379846096038818,1.0,0.48228582739830017,0.0,1.0,0.20000000298023224,0.5,2.0,0.0,0.7830899357795715,0.6439877152442932,2.0,1.0,3.0,0.0,0.24517828226089478,1.0,0.0,0.0,1.0,0.0,2.0,1.0,0.0,1.0,6
0.6578580141067505,4.0,0.42334502935409546,0.0,2.0,0.30000001192092896,0.5,1.0,0.0,0.6801073551177979,0.6952610015869141,1.0,1.0,1.0,2.0,0.9164273738861084,0.8743497729301453,0.0,0.30000001192092896,17.0,0.0,2.0,1.0,90.0,1.0,1
0.16366034746170044,8.0,0.1787985861301422,3.0,1.0,0.20000000298023224,0.20000000298023224,6.0,0.0,0.8602970242500305,0.6997995376586914,0.0,1.0,6.0,2.0,0.763981282711029,1.0,180.0,0.0,5.0,0.0,2.0,0.0,0.0,1.0,1
0.8533704876899719,5.0,0.44271114468574524,0.0,1.0,0.30000001192092896,0.5,7.0,0.0,1.0,1.0,2.0,1.0,4.0,1.0,0.6456551551818848,1.0,0.0,0.10000000149011612,2.0,135.0,1.0,1.0,0.0,0.0,1
0.34375548362731934,1.0,0.06596148014068604,4.0,1.0,0.5,0.30000001192092896,8.0,0.0,1.0,0.6075075268745422,2.0,1.0,2.0,0.0,0.09210477769374847,0.5,270.0,0.0,5.0,315.0,2.0,1.0,0.0,1.0,8
0.9582785964012146,3.0,0.4674871563911438,0.0,1.0,0.30000001192092896,0.30000001192092896,2.0,0.0,0.4398554265499115,1.0,3.0,0.0,6.0,0.0,0.7986466884613037,0.0,315.0,0.5,13.0,180.0,1.0,0.0,90.0,1.0,7
0.36820363998413086,3.0,0.21979503333568573,7.0,2.0,0.20000000298023224,0.20000000298023224,7.0,0.0,0.9638760089874268,0.6674147844314575,2.0,0.0,5.0,0.0,0.34768059849739075,0.5,14.0,0.0,9.0,174.0,1.0,1.0,0.0,1.0,8
0.8306513428688049,3.0,0.4850062429904938,9.0,2.0,0.30000001192092896,0.30000001192092896,2.0,0.0,0.7223503589630127,0.6094019412994385,3.0,0.0,1.0,1.0,0.8420912623405457,0.5,270.0,0.0,1.0,225.0,1.0,0.0,0.0,1.0,1
0.21937930583953857,2.0,0.06033193692564964,2.0,0.0,0.30000001192092896,0.5,0.0,0.0,0.9860899448394775,1.0,1.0,0.0,1.0,0.0,0.413272500038147,0.0,0.0,0.7214422225952148,1.0,135.0,1.0,0.0,0.0,1.0,6
0.4664573073387146,7.0,0.5,0.0,0.0,0.30000001192092896,0.5,0.0,0.0,0.8733716011047363,0.4123638868331909,2.0,0.0,6.0,0.0,0.09647759795188904,0.0,180.0,0.0,5.0,180.0,0.0,0.0,0.0,1.0,8
0.9964357614517212,4.0,0.13326172530651093,0.0,2.0,0.20000000298023224,0.30000001192092896,1.0,0.0,0.7692012786865234,0.6066402792930603,3.0,1.0,6.0,1.0,0.5556529760360718,1.0,0.0,0.7394059896469116,4.0,0.0,0.0,0.0,45.0,1.0,1
0.8168666362762451,7.0,0.380768746137619,9.0,0.0,0.6000000238418579,0.30000001192092896,0.0,0.0,0.5422941446304321,1.0,0.0,0.0,4.0,0.0,0.722383439540863,1.0,180.0,0.0,11.0,180.0,1.0,1.0,0.0,1.0,1
0.6817708015441895,7.0,0.18518342077732086,6.0,2.0,0.5,0.5,2.0,0.0,0.7255315780639648,1.0,1.0,1.0,3.0,0.0,0.6675383448600769,0.0,0.0,0.0,1.0,135.0,0.0,1.0,0.0,0.0,6
0.057374775409698486,2.0,0.2329786717891693,4.0,1.0,0.5,0.20000000298023224,7.0,0.0,0.7873900532722473,1.0,0.0,0.0,6.0,0.0,0.18078461289405823,0.0,180.0,0.0,3.0,0.0,2.0,0.0,0.0,1.0,8
0.21698200702667236,6.0,0.3481438457965851,0.0,2.0,0.20000000298023224,0.30000001192092896,6.0,0.0,0.6764048337936401,1.0,2.0,1.0,3.0,0.0,0.15949909389019012,0.5,0.0,0.0,5.0,0.0,1.0,1.0,344.0,1.0,7
0.009470105171203613,1.0,0.2420763373374939,0.0,0.0,0.20000000298023224,0.20000000298023224,2.0,0.0,0.43922650814056396,0.8054212331771851,3.0,1.0,2.0,2.0,0.888826310634613,0.41678088903427124,90.0,0.0,16.0,0.0,2.0,1.0,0.0,1.0,2
0.10821646451950073,8.0,0.4472206234931946,9.0,2.0,0.30000001192092896,0.5,8.0,0.0,0.5131454467773438,0.8138271570205688,3.0,1.0,3.0,1.0,0.08968640863895416,0.5,225.0,0.0,1.0,0.0,1.0,0.0,0.0,1.0,5
0.5075993537902832,2.0,0.43893522024154663,0.0,1.0,0.6000000238418579,0.6000000238418579,0.0,0.0,0.930065393447876,0.4978097379207611,1.0,0.0,4.0,2.0,0.7790653109550476,0.5,0.0,0.0,1.0,270.0,1.0,1.0,0.0,1.0,3
0.11311519145965576,2.0,0.3026813864707947,0.0,2.0,0.20000000298023224,0.20000000298023224,0.0,0.0,0.8445490002632141,1.0,0.0,1.0,2.0,2.0,0.1265067160129547,1.0,270.0,0.10000000149011612,4.0,135.0,0.0,1.0,329.0,1.0,6
0.363118052482605,7.0,0.3304266929626465,0.0,0.0,0.6000000238418579,0.30000001192092896,1.0,0.0,0.9735578298568726,0.6268190145492554,1.0,1.0,1.0,2.0,0.45478716492652893,1.0,180.0,0.0,1.0,0.0,0.0,0.0,0.0,1.0,3
0.21983450651168823,3.0,0.4169221520423889,0.0,0.0,0.6000000238418579,0.30000001192092896,2.0,0.0,1.0,0.9642273187637329,2.0,1.0,4.0,2.0,0.053261227905750275,0.21953409910202026,0.0,0.4000000059604645,6.0,0.0,2.0,0.0,0.0,1.0,7
0.9967043995857239,4.0,0.04015297815203667,0.0,0.0,0.20000000298023224,0.20000000298023224,2.0,0.0,0.6206045746803284,0.4389345645904541,0.0,0.0,1.0,2.0,0.8027116656303406,0.5,45.0,0.0,3.0,0.0,1.0,1.0,45.0,1.0,2
0.7896569967269897,5.0,0.49492883682250977,7.0,0.0,0.20000000298023224,0.20000000298023224,0.0,0.0,0.5625016093254089,0.6861313581466675,3.0,0.0,0.0,0.0,0.7672616839408875,1.0,163.0,0.4000000059604645,1.0,180.0,2.0,0.0,0.0,1.0,1
0.6634235978126526,5.0,0.27751854062080383,7.0,1.0,0.20000000298023224,0.5,4.0,0.0,0.41555389761924744,1.0,2.0,1.0,0.0,2.0,0.7219061851501465,0.5,0.0,0.0,1.0,0.0,0.0,1.0,0.0,1.0,3
0.27836453914642334,1.0,0.5,4.0,1.0,0.6000000238418579,0.30000001192092896,6.0,0.0,0.9773973226547241,1.0,0.0,0.0,0.0,1.0,0.8745554089546204,1.0,135.0,0.0,4.0,180.0,2.0,0.0,0.0,0.0,1
0.68045973777771,1.0,0.41570281982421875,8.0,2.0,0.20000000298023224,0.20000000298023224,2.0,0.0,1.0,0.5177919268608093,0.0,1.0,4.0,0.0,0.7947933673858643,0.7776418328285217,180.0,0.10000000149011612,1.0,180.0,1.0,0.0,0.0,1.0,1
0.7108408808708191,2.0,0.13452494144439697,0.0,1.0,0.5,0.6000000238418579,8.0,0.0,0.8603190183639526,0.6045161485671997,0.0,0.0,1.0,1.0,0.9005388617515564,0.295535683631897,0.0,0.0,9.0,0.0,2.0,0.0,90.0,1.0,3
0.9647971391677856,6.0,0.10605303198099136,2.0,1.0,0.6000000238418579,0.30000001192092896,3.0,0.0,1.0,1.0,1.0,1.0,5.0,1.0,0.5871409773826599,0.3632861375808716,180.0,0.5,1.0,135.0,2.0,1.0,0.0,1.0,5
0.09443914890289307,1.0,0.29937678575515747,0.0,1.0,0.20000000298023224,0.20000000298023224,5.0,0.0,0.9178365468978882,0.696349024772644,1.0,0.0,2.0,1.0,0.41912057995796204,0.1347905397415161,180.0,0.0,3.0,0.0,0.0,0.0,0.0,1.0,4
0.10328423976898193,1.0,0.3491482734680176,2.0,2.0,0.5,0.30000001192092896,6.0,0.0,0.6547454595565796,0.9495443105697632,3.0,1.0,4.0,2.0,0.9143081307411194,1.0,0.0,0.0,2.0,135.0,0.0,1.0,0.0,1.0,1
0.20874285697937012,3.0,0.11206752806901932,0.0,1.0,0.20000000298023224,0.5,4.0,0.0,0.7522917985916138,1.0,1.0,0.0,4.0,0.0,0.5562899708747864,0.0,0.0,0.10000000149011612,1.0,0.0,0.0,0.0,0.0,1.0,5
0.7951149344444275,1.0,0.5,5.0,2.0,0.30000001192092896,0.5,4.0,0.0,1.0,1.0,3.0,1.0,1.0,0.0,0.15485306084156036,1.0,0.0,0.0,1.0,0.0,0.0,1.0,0.0,1.0,6
0.8948543071746826,1.0,0.18781480193138123,0.0,0.0,0.30000001192092896,0.5,3.0,0.0,0.6980574131011963,0.774323582649231,2.0,1.0,1.0,0.0,0.7078648209571838,0.5,315.0,0.0,1.0,0.0,0.0,1.0,308.0,1.0,2
0.8395163416862488,2.0,0.2830713391304016,7.0,0.0,0.20000000298023224,0.20000000298023224,8.0,0.0,0.8014190793037415,1.0,2.0,1.0,5.0,1.0,0.13002507388591766,1.0,135.0,0.0,3.0,180.0,0.0,1.0,0.0,1.0,7
0.7317681312561035,1.0,0.28632885217666626,0.0,2.0,0.6000000238418579,0.30000001192092896,7.0,0.0,1.0,1.0,1.0,0.0,0.0,1.0,0.22558318078517914,1.0,270.0,0.0,1.0,0.0,0.0,1.0,0.0,1.0,5
0.4801509380340576,2.0,0.3036767244338989,0.0,1.0,0.5,0.5,7.0,0.0,0.6685789823532104,0.7695577144622803,3.0,0.0,3.0,0.0,0.782410204410553,0.5,180.0,0.0,1.0,0.0,0.0,1.0,0.0,1.0,2
0.1793612241744995,1.0,0.38738495111465454,0.0,0.0,0.20000000298023224,0.20000000298023224,4.0,0.0,0.6030828952789307,1.0,1.0,1.0,3.0,1.0,0.7476795315742493,0.1963678002357483,0.0,0.0,13.0,0.0,2.0,1.0,0.0,1.0,5
0.2813798785209656,7.0,0.03649689257144928,5.0,0.0,0.30000001192092896,0.5,0.0,0.0,0.5036784410476685,1.0,2.0,1.0,6.0,0.0,0.7839103937149048,0.5371177196502686,0.0,0.0,12.0,180.0,1.0,0.0,135.0,1.0,6
0.188815176486969,6.0,0.2105119675397873,0.0,1.0,0.20000000298023224,0.30000001192092896,4.0,0.0,0.44038352370262146,1.0,0.0,1.0,4.0,2.0,0.42157411575317383,0.10459226369857788,0.0,0.0,4.0,180.0,0.0,1.0,0.0,0.0,6
0.29715293645858765,6.0,0.11902528256177902,0.0,2.0,0.30000001192092896,0.6000000238418579,8.0,0.0,1.0,0.4595687687397003,3.0,1.0,2.0,1.0,0.9957325458526611,0.0,180.0,0.0,11.0,0.0,1.0,0.0,0.0,1.0,5
0.4367622137069702,6.0,0.22206556797027588,8.0,2.0,0.5,0.20000000298023224,6.0,0.0,1.0,0.4106019139289856,3.0,1.0,4.0,0.0,0.6816086173057556,1.0,180.0,0.10000000149011612,9.0,45.0,0.0,1.0,135.0,1.0,1
0.029271423816680908,2.0,0.06463009864091873,4.0,1.0,0.20000000298023224,0.20000000298023224,5.0,0.0,1.0,1.0,0.0,0.0,4.0,0.0,0.6713732481002808,0.5,90.0,0.10000000149011612,18.0,180.0,0.0,1.0,125.0,1.0,2
0.5462927222251892,2.0,0.5,9.0,1.0,0.5,0.30000001192092896,4.0,0.0,0.6016541719436646,1.0,0.0,0.0,6.0,2.0,0.668982982635498,0.0,315.0,0.0,3.0,180.0,0.0,0.0,0.0,1.0,5
0.8539826273918152,3.0,0.01643756777048111,10.0,1.0,0.30000001192092896,0.20000000298023224,8.0,0.0,0.5389069318771362,0.750251054763794,0.0,0.0,0.0,1.0,0.8090929985046387,0.5408150553703308,0.0,0.0,7.0,225.0,1.0,1.0,0.0,1.0,2
0.006762504577636719,3.0,0.17072272300720215,0.0,2.0,0.6000000238418579,0.30000001192092896,4.0,0.0,1.0,0.6130629777908325,1.0,0.0,5.0,2.0,0.16317401826381683,0.0,225.0,0.0,1.0,270.0,1.0,0.0,0.0,1.0,7
0.8985466361045837,4.0,0.27936556935310364,8.0,0.0,0.6000000238418579,0.5,0.0,0.0,0.6971580982208252,0.5477747321128845,2.0,0.0,0.0,0.0,0.34751221537590027,0.6693563461303711,0.0,0.0,10.0,278.0,1.0,0.0,0.0,0.0,6
0.13334113359451294,2.0,0.20006129145622253,0.0,1.0,0.30000001192092896,0.30000001192092896,6.0,0.0,0.4009203314781189,0.676338791847229,0.0,1.0,2.0,2.0,0.16705206036567688,1.0,0.0,0.0,4.0,165.0,2.0,1.0,0.0,0.0,6
0.3388553857803345,1.0,0.3727536201477051,0.0,0.0,0.20000000298023224,0.20000000298023224,5.0,0.0,1.0,0.5997989177703857,3.0,0.0,3.0,0.0,0.6718898415565491,0.0,180.0,0.0,2.0,0.0,2.0,0.0,0.0,1.0,7
0.06131058931350708,4.0,0.3828016519546509,2.0,2.0,0.20000000298023224,0.20000000298023224,8.0,0.0,1.0,1.0,3.0,0.0,3.0,0.0,0.521278440952301,0.045457303524017334,45.0,0.20000000298023224,3.0,225.0,1.0,1.0,0.0,0.0,7
0.7133897542953491,4.0,0.40841105580329895,4.0,1.0,0.20000000298023224,0.20000000298023224,2.0,0.0,0.48047566413879395,0.7361499071121216,1.0,1.0,4.0,2.0,0.3245127201080322,1.0,45.0,0.30000001192092896,1.0,0.0,1.0,0.0,0.0,1.0,5
0.5195948481559753,5.0,0.1973758488893509,0.0,0.0,0.30000001192092896,0.30000001192092896,3.0,0.0,0.5239632725715637,0.5172221660614014,0.0,0.0,5.0,2.0,0.6517122387886047,0.6041684746742249,180.0,0.0,1.0,0.0,2.0,0.0,0.0,1.0,2
0.42432934045791626,1.0,0.24420684576034546,0.0,0.0,0.20000000298023224,0.30000001192092896,6.0,0.0,0.7276857495307922,1.0,2.0,0.0,6.0,0.0,0.29143086075782776,0.5,0.0,0.0,4.0,0.0,2.0,1.0,0.0,0.0,3
0.8600833415985107,2.0,0.056621450930833817,5.0,0.0,0.5,0.20000000298023224,7.0,0.0,0.5199123024940491,1.0,0.0,1.0,0.0,1.0,0.3223001956939697,0.49348336458206177,312.0,0.0,1.0,0.0,2.0,1.0,0.0,1.0,4
0.7692129015922546,2.0,0.4572685658931732,3.0,0.0,0.5,0.6000000238418579,4.0,0.0,0.6587353944778442,1.0,0.0,1.0,3.0,2.0,0.2502167820930481,0.556628942489624,0.0,0.0,1.0,180.0,0.0,1.0,198.0,1.0,5
0.48316431045532227,4.0,0.17590247094631195,6.0,0.0,0.6000000238418579,0.30000001192092896,4.0,0.0,0.8430981040000916,0.5775095820426941,2.0,0.0,6.0,0.0,0.4539787173271179,0.0,135.0,0.0,11.0,180.0,0.0,0.0,0.0,0.0,6
0.22849249839782715,3.0,0.28066200017929077,6.0,0.0,0.20000000298023224,0.5,4.0,0.0,0.937187910079956,0.527478039264679,2.0,1.0,4.0,2.0,0.23259910941123962,0.0,0.0,0.0,4.0,0.0,0.0,1.0,0.0,1.0,5
0.26282042264938354,1.0,0.37463468313217163,0.0,2.0,0.20000000298023224,0.5,5.0,0.0,0.6330873966217041,1.0,3.0,0.0,6.0,1.0,0.5032501220703125,0.45450615882873535,45.0,0.0,5.0,0.0,1.0,1.0,0.0,0.0,4
0.2329697608947754,1.0,0.3555150032043457,0.0,0.0,0.30000001192092896,0.30000001192092896,0.0,0.0,0.7838810086250305,1.0,3.0,0.0,6.0,2.0,0.06101718544960022,0.4596315026283264,0.0,0.5586726069450378,16.0,270.0,1.0,1.0,177.0,1.0,6
0.6875696182250977,3.0,0.34608203172683716,0.0,1.0,0.20000000298023224,0.20000000298023224,2.0,0.0,1.0,1.0,3.0,1.0,1.0,0.0,0.2976037263870239,0.5,270.0,0.0,1.0,180.0,1.0,0.0,0.0,1.0,7
0.984640896320343,7.0,0.33881455659866333,9.0,2.0,0.5,0.6000000238418579,4.0,0.0,0.8985490798950195,0.9471484422683716,2.0,0.0,0.0,2.0,0.35311275720596313,1.0,270.0,0.5,3.0,0.0,2.0,0.0,136.0,1.0,6
0.06582057476043701,1.0,0.20042113959789276,3.0,0.0,0.20000000298023224,0.30000001192092896,1.0,0.0,0.9987313747406006,1.0,2.0,1.0,2.0,1.0,0.7986428141593933,0.26990222930908203,0.0,0.20000000298023224,1.0,90.0,1.0,1.0,0.0,1.0,3
0.49259787797927856,2.0,0.04695647582411766,9.0,1.0,0.20000000298023224,0.20000000298023224,3.0,0.0,0.4207039773464203,1.0,2.0,1.0,4.0,1.0,0.13430769741535187,1.0,105.0,0.4000000059604645,1.0,0.0,1.0,0.0,135.0,1.0,6
0.31634682416915894,4.0,0.4190528392791748,0.0,0.0,0.30000001192092896,0.5,5.0,0.0,0.9575269222259521,0.40612515807151794,0.0,1.0,3.0,2.0,0.13864274322986603,0.5,135.0,0.5,2.0,0.0,0.0,0.0,0.0,1.0,5
0.7781667709350586,1.0,0.21007968485355377,3.0,0.0,0.5,0.30000001192092896,0.0,0.0,0.7436093688011169,0.538722574710846,1.0,1.0,0.0,0.0,0.47090765833854675,0.5,0.0,0.0,1.0,270.0,1.0,0.0,0.0,1.0,4
0.3002123236656189,3.0,0.4442223012447357,0.0,1.0,0.30000001192092896,0.5,5.0,0.0,0.9136573076248169,0.9353698492050171,1.0,1.0,0.0,1.0,0.36066752672195435,0.0,0.0,0.0,4.0,0.0,0.0,1.0,78.0,0.0,6
0.9943426251411438,1.0,0.29422903060913086,7.0,1.0,0.20000000298023224,0.20000000298023224,8.0,0.0,0.7781665325164795,1.0,1.0,0.0,4.0,0.0,0.22070255875587463,1.0,0.0,0.0,1.0,0.0,0.0,1.0,0.0,0.0,3
0.026354610919952393,6.0,0.11524830758571625,0.0,1.0,0.30000001192092896,0.30000001192092896,4.0,0.0,0.6124814748764038,1.0,0.0,0.0,5.0,1.0,0.6094906330108643,0.5,180.0,0.0,1.0,315.0,2.0,1.0,135.0,1.0,6
0.8658875226974487,2.0,0.45616602897644043,3.0,0.0,0.20000000298023224,0.5,3.0,0.0,0.6657372713088989,1.0,1.0,0.0,0.0,1.0,0.7894846796989441,0.8102821111679077,180.0,0.5,4.0,134.0,0.0,0.0,0.0,1.0,1
0.2590348720550537,4.0,0.46960166096687317,0.0,0.0,0.30000001192092896,0.20000000298023224,4.0,0.0,0.4381454288959503,0.9943515062332153,0.0,1.0,2.0,0.0,0.6459534764289856,1.0,180.0,0.0,1.0,0.0,1.0,1.0,0.0,1.0,1
0.5883793830871582,1.0,0.3000566363334656,0.0,0.0,0.6000000238418579,0.20000000298023224,5.0,0.0,0.7195440530776978,1.0,2.0,1.0,1.0,1.0,0.5710445046424866,0.5,45.0,0.0,9.0,156.0,1.0,1.0,45.0,1.0,2
0.4045029878616333,5.0,0.4577016532421112,9.0,1.0,0.30000001192092896,0.5,3.0,0.0,0.735968828201294,0.7841744422912598,1.0,0.0,3.0,1.0,0.45641759037971497,0.5,180.0,0.0,1.0,0.0,0.0,0.0,0.0,1.0,3
0.9053595066070557,4.0,0.37060749530792236,0.0,2.0,0.6000000238418579,0.30000001192092896,0.0,0.0,0.8643640279769897,0.9819964170455933,1.0,0.0,2.0,2.0,0.6093981862068176,0.0,0.0,0.0,13.0,180.0,2.0,1.0,0.0,0.0,2
0.09263801574707031,2.0,0.5,7.0,1.0,0.20000000298023224,0.30000001192092896,4.0,0.0,0.89500892162323,0.9983680248260498,0.0,0.0,4.0,2.0,0.44435977935791016,1.0,180.0,0.0,5.0,0.0,1.0,0.0,135.0,0.0,2
0.11896979808807373,8.0,0.35909542441368103,0.0,2.0,0.30000001192092896,0.30000001192092896,5.0,0.0,0.8966957330703735,1.0,0.0,1.0,4.0,0.0,0.45071035623550415,1.0,0.0,0.6598336100578308,20.0,0.0,2.0,1.0,0.0,1.0,1
0.5862610340118408,1.0,0.4772033989429474,7.0,1.0,0.20000000298023224,0.30000001192092896,7.0,0.0,0.7087634801864624,1.0,1.0,0.0,6.0,2.0,0.13048627972602844,0.5,45.0,0.0,14.0,135.0,1.0,0.0,0.0,0.0,9
0.9656687378883362,1.0,0.19501152634620667,9.0,2.0,0.20000000298023224,0.30000001192092896,5.0,0.0,0.6272404193878174,1.0,1.0,1.0,2.0,2.0,0.25264936685562134,1.0,0.0,0.0,1.0,0.0,0.0,0.0,0.0,0.0,6
0.23866581916809082,8.0,0.15916353464126587,6.0,0.0,0.6000000238418579,0.20000000298023224,5.0,0.0,0.43020233511924744,1.0,0.0,0.0,4.0,0.0,0.26091688871383667,0.0,180.0,0.0,1.0,0.0,2.0,1.0,0.0,1.0,8
0.617459774017334,4.0,0.07422638684511185,0.0,0.0,0.5,0.20000000298023224,5.0,0.0,1.0,1.0,0.0,1.0,6.0,2.0,0.9909023642539978,1.0,0.0,0.30000001192092896,1.0,0.0,1.0,0.0,0.0,1.0,1
0.32418155670166016,2.0,0.13465629518032074,8.0,2.0,0.30000001192092896,0.20000000298023224,3.0,0.0,0.641578733921051,0.9277874231338501,3.0,1.0,4.0,2.0,0.8297655582427979,0.0,270.0,0.20000000298023224,1.0,139.0,2.0,0.0,0.0,1.0,7
0.14138257503509521,2.0,0.1974298655986786,0.0,0.0,0.30000001192092896,0.20000000298023224,3.0,0.0,0.9368354082107544,1.0,1.0,1.0,5.0,1.0,0.9300183653831482,0.0,0.0,0.0,1.0,0.0,1.0,1.0,45.0,1.0,4
0.03589808940887451,4.0,0.4383792579174042,0.0,0.0,0.20000000298023224,0.20000000298023224,7.0,0.0,1.0,1.0,0.0,0.0,4.0,2.0,0.5399244427680969,0.8686226606369019,180.0,0.30000001192092896,4.0,135.0,2.0,0.0,254.0,1.0,3
0.9847457408905029,4.0,0.5,7.0,1.0,0.30000001192092896,0.20000000298023224,2.0,0.0,0.8251286149024963,1.0,2.0,1.0,2.0,0.0,0.7134770154953003,0.1441015601158142,180.0,0.0,1.0,45.0,0.0,1.0,0.0,1.0,7
0.580813467502594,6.0,0.10536158084869385,0.0,2.0,0.30000001192092896,0.5,6.0,0.0,0.8843816518783569,1.0,2.0,1.0,3.0,1.0,0.9459842443466187,0.5,0.0,0.4000000059604645,5.0,0.0,0.0,0.0,325.0,0.0,1
0.9477951526641846,5.0,0.4058397114276886,4.0,0.0,0.5,0.20000000298023224,4.0,0.0,0.8902263641357422,1.0,0.0,1.0,4.0,0.0,0.8893268704414368,0.5,0.0,0.0,1.0,0.0,0.0,0.0,0.0,1.0,4
0.6104816198348999,8.0,0.461591899394989,10.0,0.0,0.20000000298023224,0.6000000238418579,7.0,0.0,0.8890801668167114,1.0,1.0,1.0,4.0,1.0,0.390280157327652,0.5,315.0,0.10000000149011612,5.0,0.0,2.0,1.0,0.0,0.0,3
0.48440730571746826,6.0,0.03591210022568703,0.0,1.0,0.30000001192092896,0.30000001192092896,1.0,0.0,1.0,0.6134279370307922,0.0,0.0,0.0,0.0,0.9824157953262329,0.14244699478149414,0.0,0.10000000149011612,14.0,0.0,1.0,1.0,0.0,1.0,4
0.6627575755119324,3.0,0.18344004452228546,3.0,0.0,0.5,0.20000000298023224,5.0,0.0,0.6234559416770935,0.712028980255127,0.0,1.0,6.0,2.0,0.9911776185035706,0.8549079298973083,0.0,0.0,10.0,270.0,2.0,0.0,0.0,0.0,1
0.43829113245010376,3.0,0.385497123003006,7.0,2.0,0.5,0.30000001192092896,2.0,0.0,0.818510890007019,0.9222700595855713,3.0,0.0,5.0,0.0,0.7452718615531921,0.5,135.0,0.0,1.0,180.0,1.0,0.0,0.0,1.0,8
0.5185900330543518,4.0,0.3261798322200775,4.0,0.0,0.5,0.5,7.0,0.0,0.6480439901351929,0.6128977537155151,2.0,1.0,4.0,0.0,0.7333701848983765,0.5,180.0,0.0,5.0,57.0,1.0,1.0,0.0,0.0,3
0.7085236310958862,2.0,0.3880891501903534,6.0,1.0,0.6000000238418579,0.20000000298023224,3.0,0.0,0.9447355270385742,0.6501323580741882,2.0,1.0,3.0,0.0,0.13128547370433807,0.5,270.0,0.0,4.0,0.0,0.0,1.0,0.0,1.0,8
0.011250972747802734,4.0,0.2087676227092743,5.0,0.0,0.30000001192092896,0.5,4.0,0.0,0.8190879821777344,0.9801578521728516,3.0,0.0,4.0,1.0,0.4194810390472412,0.0,0.0,0.0,4.0,180.0,0.0,0.0,0.0,1.0,6
0.15360170602798462,2.0,0.20674718916416168,0.0,1.0,0.5,0.30000001192092896,4.0,0.0,0.8821969628334045,1.0,2.0,0.0,4.0,1.0,0.35880306363105774,0.7844841480255127,135.0,0.0,3.0,0.0,1.0,0.0,45.0,0.0,4
0.6813094019889832,2.0,0.2985924780368805,0.0,2.0,0.20000000298023224,0.30000001192092896,5.0,0.0,0.43086475133895874,1.0,2.0,0.0,6.0,0.0,0.4992949664592743,0.5,90.0,0.0,10.0,0.0,0.0,1.0,0.0,1.0,6
0.9252617359161377,4.0,0.5,0.0,2.0,0.30000001192092896,0.5,8.0,0.0,0.6116190552711487,1.0,3.0,0.0,3.0,2.0,0.14195850491523743,0.0,180.0,0.0,1.0,0.0,2.0,1.0,0.0,1.0,1
0.019550979137420654,2.0,0.5,0.0,2.0,0.5,0.20000000298023224,2.0,0.0,0.6662434935569763,1.0,0.0,0.0,2.0,0.0,0.31601035594940186,0.5,278.0,0.0,9.0,270.0,0.0,1.0,0.0,1.0,6
0.5879175066947937,7.0,0.3965834677219391,8.0,0.0,0.30000001192092896,0.6000000238418579,1.0,0.0,0.7032113075256348,0.6835862398147583,3.0,0.0,4.0,0.0,0.40603914856910706,0.0,0.0,0.5,8.0,0.0,1.0,0.0,0.0,1.0,7
0.8555546998977661,3.0,0.03931649029254913,4.0,0.0,0.20000000298023224,0.20000000298023224,7.0,0.0,0.9524433612823486,1.0,0.0,1.0,3.0,2.0,0.7938335537910461,1.0,270.0,0.0,3.0,247.0,1.0,0.0,0.0,1.0,1
0.8706457018852234,2.0,0.19709691405296326,0.0,0.0,0.20000000298023224,0.20000000298023224,1.0,0.0,0.43429186940193176,1.0,1.0,0.0,3.0,1.0,0.8554837107658386,0.2174888253211975,0.0,0.0,2.0,0.0,0.0,1.0,0.0,1.0,4
0.6585209965705872,1.0,0.39418932795524597,10.0,0.0,0.5,0.20000000298023224,1.0,0.0,0.8338435888290405,1.0,0.0,0.0,3.0,2.0,0.6987451910972595,0.0,0.0,0.0,1.0,0.0,1.0,1.0,0.0,1.0,9
0.8382729291915894,4.0,0.048993825912475586,10.0,2.0,0.6000000238418579,0.30000001192092896,5.0,0.0,0.8720941543579102,1.0,1.0,0.0,1.0,1.0,0.8034263253211975,0.0,90.0,0.0,5.0,0.0,0.0,0.0,0.0,1.0,3
0.24907952547073364,5.0,0.19535426795482635,0.0,1.0,0.20000000298023224,0.30000001192092896,1.0,0.0,0.8659123778343201,1.0,0.0,1.0,4.0,1.0,0.09737153351306915,0.5,0.0,0.10000000149011612,1.0,244.0,0.0,0.0,0.0,1.0,8
0.10648459196090698,2.0,0.44595858454704285,0.0,0.0,0.30000001192092896,0.6000000238418579,4.0,0.0,1.0,1.0,0.0,0.0,3.0,0.0,0.931297242641449,1.0,45.0,0.0,1.0,0.0,2.0,0.0,0.0,1.0,1
0.25920337438583374,1.0,0.16594846546649933,2.0,1.0,0.20000000298023224,0.30000001192092896,7.0,0.0,1.0,0.5163335204124451,2.0,0.0,2.0,1.0,0.8704925179481506,0.5,0.0,0.0,1.0,0.0,0.0,1.0,0.0,1.0,2
0.49130797386169434,6.0,0.2771182954311371,8.0,0.0,0.6000000238418579,0.6000000238418579,6.0,0.0,0.7406272888183594,0.4191216230392456,3.0,1.0,1.0,1.0,0.9372398853302002,0.5879725813865662,0.0,0.20000000298023224,2.0,135.0,2.0,1.0,0.0,1.0,1
0.9081504940986633,2.0,0.24183645844459534,3.0,1.0,0.30000001192092896,0.6000000238418579,5.0,0.0,0.9185240268707275,0.4979552924633026,1.0,0.0,1.0,1.0,0.8380188941955566,0.5,143.0,0.0,1.0,0.0,0.0,0.0,0.0,0.0,2
0.03225910663604736,4.0,0.4163166582584381,2.0,0.0,0.20000000298023224,0.20000000298023224,7.0,0.0,1.0,0.4026104807853699,3.0,1.0,2.0,1.0,0.6359564661979675,1.0,0.0,0.0,3.0,135.0,1.0,1.0,90.0,1.0,1
0.5247974991798401,3.0,0.29074206948280334,0.0,2.0,0.20000000298023224,0.5,2.0,0.0,0.4032413959503174,0.515235424041748,2.0,0.0,0.0,0.0,0.8163557052612305,0.02714216709136963,180.0,0.0,7.0,180.0,1.0,0.0,0.0,1.0,7
0.5954615473747253,3.0,0.5,5.0,1.0,0.20000000298023224,0.30000001192092896,0.0,0.0,1.0,0.9907398223876953,0.0,0.0,5.0,0.0,0.9316129088401794,0.3020380139350891,0.0,0.10000000149011612,5.0,0.0,0.0,0.0,0.0,0.0,5
0.18321335315704346,6.0,0.45491477847099304,6.0,2.0,0.20000000298023224,0.20000000298023224,4.0,0.0,0.6467666029930115,0.9818331003189087,1.0,1.0,0.0,0.0,0.20434166491031647,1.0,180.0,0.0,14.0,135.0,0.0,1.0,0.0,1.0,8
0.5108358263969421,4.0,0.1004100814461708,0.0,1.0,0.30000001192092896,0.5,2.0,0.0,0.9235174655914307,0.8511883020401001,2.0,0.0,2.0,0.0,0.2372535914182663,1.0,180.0,0.30000001192092896,1.0,0.0,0.0,0.0,0.0,1.0,6
0.724344789981842,5.0,0.5,0.0,0.0,0.6000000238418579,0.5,0.0,0.0,0.4875030815601349,0.6591958999633789,2.0,1.0,0.0,2.0,0.9676761031150818,0.039688169956207275,313.0,0.0,4.0,23.0,1.0,0.0,0.0,0.0,7
0.7668439149856567,2.0,0.40882572531700134,8.0,1.0,0.6000000238418579,0.30000001192092896,7.0,0.0,0.5083836913108826,1.0,2.0,1.0,5.0,2.0,0.8300472497940063,0.8176009058952332,270.0,0.0,1.0,0.0,1.0,1.0,0.0,1.0,1
0.9108880758285522,7.0,0.15959250926971436,0.0,0.0,0.30000001192092896,0.20000000298023224,1.0,0.0,0.8671975135803223,1.0,1.0,1.0,1.0,2.0,0.5785095691680908,0.0,332.0,0.4000000059604645,3.0,45.0,0.0,0.0,45.0,1.0,9
0.8461986184120178,3.0,0.36507609486579895,4.0,0.0,0.20000000298023224,0.6000000238418579,6.0,0.0,0.49107009172439575,0.7246795892715454,1.0,1.0,2.0,1.0,0.7539364695549011,1.0,180.0,0.30000001192092896,1.0,180.0,1.0,1.0,73.0,1.0,1
0.05655360221862793,1.0,0.26882582902908325,0.0,1.0,0.6000000238418579,0.5,2.0,0.0,0.660396158695221,1.0,0.0,0.0,0.0,1.0,0.09613292664289474,1.0,0.0,0.5,1.0,0.0,1.0,0.0,0.0,0.0,4
0.08348208665847778,1.0,0.43464040756225586,3.0,0.0,0.6000000238418579,0.30000001192092896,1.0,0.0,0.7686622738838196,1.0,2.0,0.0,4.0,1.0,0.31082287430763245,1.0,90.0,0.5,4.0,0.0,0.0,1.0,0.0,1.0,3
0.939886748790741,2.0,0.3748319447040558,4.0,2.0,0.30000001192092896,0.30000001192092896,1.0,0.0,0.6645984649658203,0.7652124166488647,1.0,1.0,3.0,1.0,0.47823038697242737,0.3764107823371887,180.0,0.0,13.0,0.0,2.0,0.0,268.0,0.0,3
0.7762162089347839,2.0,0.19425120949745178,5.0,1.0,0.20000000298023224,0.5,3.0,0.0,0.40652740001678467,1.0,1.0,0.0,1.0,0.0,0.25541701912879944,0.5,0.0,0.4000000059604645,15.0,180.0,2.0,1.0,0.0,1.0,7
0.8630945086479187,3.0,0.18425564467906952,10.0,0.0,0.30000001192092896,0.20000000298023224,6.0,0.0,0.8453893661499023,0.827938437461853,2.0,0.0,4.0,2.0,0.89799964427948,0.42166203260421753,0.0,0.0,13.0,0.0,1.0,0.0,0.0,1.0,3
0.31169986724853516,2.0,0.18743333220481873,0.0,0.0,0.5,0.20000000298023224,5.0,0.0,1.0,0.41926780343055725,1.0,0.0,0.0,0.0,0.321095734834671,0.0,180.0,0.0,1.0,0.0,2.0,0.0,90.0,1.0,6
0.9865113496780396,3.0,0.16400188207626343,9.0,2.0,0.20000000298023224,0.20000000298023224,5.0,0.0,1.0,0.5777273178100586,0.0,1.0,0.0,0.0,0.5603944659233093,0.0,180.0,0.0,10.0,50.0,0.0,1.0,135.0,1.0,6
0.03402966260910034,1.0,0.0332983173429966,0.0,0.0,0.20000000298023224,0.6000000238418579,1.0,0.0,0.7871959209442139,1.0,0.0,1.0,5.0,1.0,0.9073262810707092,0.0,0.0,0.0,1.0,0.0,2.0,1.0,135.0,1.0,3
0.7950847744941711,1.0,0.10078219324350357,3.0,2.0,0.20000000298023224,0.30000001192092896,0.0,0.0,0.7506674528121948,1.0,1.0,1.0,1.0,1.0,0.356722891330719,1.0,225.0,0.0,13.0,0.0,0.0,1.0,0.0,0.0,2
0.08033508062362671,5.0,0.3254133462905884,0.0,2.0,0.6000000238418579,0.6000000238418579,3.0,0.0,1.0,0.6509432792663574,1.0,0.0,5.0,1.0,0.8070309162139893,1.0,45.0,0.0,1.0,315.0,0.0,1.0,0.0,1.0,1
0.0450093150138855,7.0,0.07220231741666794,0.0,2.0,0.6000000238418579,0.20000000298023224,5.0,0.0,0.834725558757782,0.8805054426193237,0.0,1.0,5.0,1.0,0.4556531608104706,0.5,180.0,0.0,11.0,45.0,1.0,0.0,45.0,1.0,3
0.6950300335884094,5.0,0.2949939966201782,5.0,1.0,0.30000001192092896,0.20000000298023224,1.0,0.0,0.9736429452896118,0.9326367378234863,1.0,1.0,6.0,1.0,0.5529966354370117,0.5,45.0,0.0,1.0,90.0,1.0,0.0,0.0,1.0,3
0.6073936820030212,1.0,0.3687008321285248,0.0,1.0,0.5,0.30000001192092896,1.0,0.0,0.9158452749252319,1.0,0.0,1.0,2.0,0.0,0.79500812292099,0.5,180.0,0.0,4.0,225.0,1.0,0.0,0.0,1.0,5
0.47866708040237427,1.0,0.5,4.0,1.0,0.20000000298023224,0.20000000298023224,5.0,0.0,1.0,1.0,1.0,0.0,1.0,1.0,0.80243980884552,1.0,180.0,0.0,1.0,0.0,2.0,1.0,0.0,1.0,1
0.7965901494026184,2.0,0.15998733043670654,0.0,2.0,0.5,0.6000000238418579,7.0,0.0,0.7063765525817871,1.0,0.0,0.0,2.0,2.0,0.8420000076293945,1.0,180.0,0.0,12.0,135.0,1.0,0.0,0.0,1.0,1
0.9013969302177429,2.0,0.3227819800376892,0.0,2.0,0.6000000238418579,0.5,2.0,0.0,0.7352781295776367,1.0,1.0,1.0,0.0,0.0,0.3774232566356659,0.0,0.0,0.4000000059604645,14.0,0.0,1.0,0.0,0.0,1.0,6
0.47026896476745605,1.0,0.4449107348918915,0.0,1.0,0.6000000238418579,0.6000000238418579,6.0,0.0,0.6496235728263855,1.0,2.0,0.0,5.0,1.0,0.36064979434013367,0.0,180.0,0.0,1.0,0.0,0.0,0.0,0.0,1.0,5
0.6703899502754211,3.0,0.2069077342748642,0.0,2.0,0.20000000298023224,0.20000000298023224,5.0,0.0,0.7153147459030151,1.0,1.0,1.0,5.0,2.0,0.4028283655643463,0.5,45.0,0.10000000149011612,3.0,0.0,1.0,1.0,0.0,1.0,5
0.6478983759880066,4.0,0.01669779047369957,6.0,0.0,0.6000000238418579,0.30000001192092896,0.0,0.0,0.8065178394317627,1.0,3.0,0.0,5.0,1.0,0.8211289644241333,0.5,263.0,0.0,1.0,315.0,0.0,1.0,0.0,1.0,2
0.5196906328201294,3.0,0.42586085200309753,7.0,1.0,0.30000001192092896,0.5,4.0,0.0,0.5326328277587891,1.0,2.0,0.0,4.0,2.0,0.6366375684738159,1.0,180.0,0.0,1.0,0.0,1.0,1.0,0.0,0.0,1
0.7064452171325684,2.0,0.2667519748210907,5.0,1.0,0.20000000298023224,0.30000001192092896,7.0,0.0,0.6324876546859741,0.613776683807373,2.0,0.0,2.0,0.0,0.3761860728263855,0.5,0.0,0.4000000059604645,1.0,0.0,2.0,0.0,0.0,0.0,3
0.008482277393341064,6.0,0.5,0.0,1.0,0.6000000238418579,0.30000001192092896,8.0,0.0,0.6098477840423584,0.4030154049396515,2.0,1.0,0.0,0.0,0.5107222199440002,0.5,315.0,0.0,1.0,0.0,0.0,1.0,0.0,0.0,4
0.7311110496520996,4.0,0.37488964200019836,6.0,2.0,0.30000001192092896,0.5,1.0,0.0,1.0,0.8151448965072632,2.0,1.0,5.0,0.0,0.25604769587516785,0.44268059730529785,315.0,0.0,3.0,315.0,2.0,0.0,0.0,1.0,7
0.3573299050331116,1.0,0.5,0.0,2.0,0.20000000298023224,0.6000000238418579,4.0,0.0,1.0,1.0,3.0,0.0,4.0,0.0,0.7755705118179321,0.5,135.0,0.10000000149011612,1.0,270.0,2.0,1.0,0.0,1.0,2
0.3452758193016052,6.0,0.12802672386169434,3.0,1.0,0.5,0.5,1.0,0.0,0.8111677169799805,0.40960824489593506,2.0,0.0,6.0,0.0,0.32621440291404724,1.0,270.0,0.0,1.0,0.0,2.0,0.0,0.0,1.0,4
0.1874704360961914,2.0,0.5,10.0,0.0,0.30000001192092896,0.5,1.0,0.0,0.9687552452087402,0.9473704099655151,3.0,1.0,3.0,2.0,0.48440495133399963,0.0,0.0,0.0,17.0,0.0,2.0,1.0,45.0,0.0,1
0.04116767644882202,4.0,0.20229950547218323,2.0,0.0,0.30000001192092896,0.30000001192092896,4.0,0.0,0.9981592893600464,1.0,3.0,1.0,0.0,1.0,0.8207602500915527,0.0,0.0,0.0,10.0,0.0,2.0,0.0,0.0,1.0,3
0.04956763982772827,4.0,0.08529898524284363,8.0,2.0,0.20000000298023224,0.20000000298023224,7.0,0.0,0.543553352355957,0.7650083303451538,1.0,1.0,5.0,0.0,0.24702231585979462,0.7090827822685242,0.0,0.20000000298023224,7.0,315.0,1.0,1.0,0.0,1.0,6
0.35786885023117065,2.0,0.2527967393398285,0.0,0.0,0.30000001192092896,0.30000001192092896,6.0,0.0,0.5059278607368469,0.6000767350196838,0.0,0.0,6.0,0.0,0.5802803039550781,0.8418441414833069,180.0,0.0,5.0,0.0,1.0,0.0,135.0,0.0,2
0.7076241374015808,4.0,0.16778753697872162,0.0,1.0,0.5,0.30000001192092896,2.0,0.0,1.0,0.43586358428001404,3.0,0.0,6.0,1.0,0.7761146426200867,0.5923885107040405,0.0,0.0,1.0,0.0,0.0,1.0,0.0,1.0,3
0.08598959445953369,8.0,0.29493656754493713,0.0,1.0,0.5,0.20000000298023224,4.0,0.0,1.0,1.0,3.0,0.0,3.0,0.0,0.914054274559021,0.5,45.0,0.20000000298023224,4.0,0.0,1.0,1.0,0.0,0.0,1
0.4811326861381531,5.0,0.3893837332725525,0.0,1.0,0.5,0.20000000298023224,0.0,0.0,0.6690382957458496,0.43415653705596924,0.0,1.0,3.0,2.0,0.3295721709728241,0.0,0.0,0.20000000298023224,1.0,0.0,2.0,1.0,0.0,1.0,5
0.351701021194458,1.0,0.1257091760635376,5.0,1.0,0.5,0.30000001192092896,0.0,0.0,0.7985967397689819,1.0,1.0,0.0,1.0,2.0,0.8856827020645142,0.09148651361465454,180.0,0.0,10.0,0.0,1.0,1.0,20.0,1.0,2
0.3223796486854553,2.0,0.34781232476234436,7.0,0.0,0.20000000298023224,0.30000001192092896,3.0,0.0,0.8482636213302612,1.0,3.0,0.0,2.0,1.0,0.7456883192062378,1.0,225.0,0.4000000059604645,19.0,0.0,1.0,1.0,135.0,1.0,1
0.982947587966919,6.0,0.22106678783893585,10.0,1.0,0.20000000298023224,0.6000000238418579,5.0,0.0,1.0,0.6647564172744751,2.0,0.0,1.0,2.0,0.8831351399421692,0.0,0.0,0.0,9.0,0.0,0.0,1.0,166.0,0.0,4
0.32252228260040283,4.0,0.3095668852329254,4.0,0.0,0.20000000298023224,0.20000000298023224,4.0,0.0,0.6304398775100708,1.0,0.0,0.0,2.0,1.0,0.9197478890419006,0.0,0.0,0.0,4.0,0.0,2.0,0.0,326.0,1.0,3
0.9768141508102417,3.0,0.39193934202194214,7.0,2.0,0.30000001192092896,0.30000001192092896,2.0,0.0,0.6799958944320679,1.0,2.0,1.0,0.0,0.0,0.4853878319263458,0.5,270.0,0.10000000149011612,3.0,0.0,0.0,1.0,0.0,1.0,5
0.684231698513031,4.0,0.4596223533153534,0.0,1.0,0.20000000298023224,0.20000000298023224,5.0,0.0,0.7781565189361572,1.0,2.0,1.0,5.0,1.0,0.5842310190200806,0.9744875431060791,318.0,0.30000001192092896,4.0,0.0,1.0,0.0,0.0,1.0,1
0.3615936040878296,1.0,0.45526647567749023,0.0,1.0,0.5,0.20000000298023224,3.0,0.0,1.0,0.6702285408973694,1.0,0.0,4.0,1.0,0.5885459780693054,0.5,180.0,0.0,1.0,0.0,1.0,0.0,0.0,1.0,2
0.883003830909729,4.0,0.5,0.0,2.0,0.30000001192092896,0.30000001192092896,4.0,0.0,0.7986403703689575,0.7964088916778564,1.0,0.0,4.0,1.0,0.8809563517570496,1.0,90.0,0.4000000059604645,11.0,180.0,0.0,0.0,45.0,0.0,1
0.9255836009979248,4.0,0.04774470999836922,0.0,2.0,0.20000000298023224,0.5,0.0,0.0,0.9899137020111084,0.7353295087814331,2.0,1.0,4.0,0.0,0.05428159981966019,0.5,180.0,0.0,4.0,0.0,1.0,1.0,0.0,1.0,8
0.35452860593795776,2.0,0.0557907409965992,0.0,2.0,0.30000001192092896,0.20000000298023224,8.0,0.0,0.4746953547000885,1.0,3.0,1.0,5.0,1.0,0.3856537938117981,0.5,315.0,0.0,1.0,225.0,1.0,0.0,0.0,1.0,6
0.5156799554824829,3.0,0.5,0.0,0.0,0.30000001192092896,0.30000001192092896,2.0,0.0,0.9211107492446899,0.8863264322280884,0.0,1.0,4.0,1.0,0.3696915805339813,0.5,45.0,0.10000000149011612,9.0,0.0,1.0,0.0,0.0,1.0,3
0.010702133178710938,2.0,0.3719009459018707,0.0,0.0,0.20000000298023224,0.30000001192092896,2.0,0.0,1.0,1.0,3.0,0.0,1.0,2.0,0.4685398042201996,1.0,105.0,0.20000000298023224,8.0,180.0,2.0,0.0,0.0,1.0,4
0.1941799521446228,2.0,0.15695232152938843,0.0,2.0,0.20000000298023224,0.30000001192092896,3.0,0.0,0.4810160994529724,1.0,2.0,0.0,3.0,2.0,0.2522154152393341,0.01262277364730835,45.0,0.0,1.0,180.0,2.0,1.0,0.0,1.0,2
0.6990534663200378,4.0,0.17414359748363495,0.0,1.0,0.20000000298023224,0.6000000238418579,6.0,0.0,0.5772227048873901,1.0,3.0,0.0,6.0,0.0,0.6118884086608887,0.0,90.0,0.0,5.0,0.0,1.0,1.0,0.0,1.0,6
0.9867472648620605,3.0,0.5,7.0,1.0,0.5,0.30000001192092896,5.0,0.0,0.5863803625106812,0.5823078155517578,1.0,0.0,3.0,1.0,0.6403535604476929,0.0,0.0,0.10000000149011612,1.0,0.0,2.0,1.0,90.0,1.0,2
0.20471972227096558,6.0,0.40307778120040894,0.0,1.0,0.30000001192092896,0.6000000238418579,5.0,0.0,0.5688456296920776,1.0,0.0,1.0,6.0,2.0,0.9668748378753662,0.5,180.0,0.20000000298023224,15.0,135.0,2.0,1.0,0.0,0.0,3
0.21622711420059204,4.0,0.5,0.0,0.0,0.30000001192092896,0.5,0.0,0.0,1.0,1.0,2.0,0.0,4.0,2.0,0.8147104978561401,1.0,0.0,0.0,1.0,180.0,1.0,0.0,0.0,1.0,1
0.953965961933136,1.0,0.21406972408294678,6.0,2.0,0.6000000238418579,0.5,7.0,0.0,0.44670364260673523,0.966954231262207,1.0,0.0,6.0,1.0,0.91022789478302,0.5,0.0,0.30000001192092896,11.0,0.0,1.0,1.0,0.0,1.0,1
0.15707159042358398,2.0,0.5,3.0,0.0,0.20000000298023224,0.30000001192092896,0.0,0.0,1.0,1.0,3.0,1.0,5.0,0.0,0.2058383673429489,1.0,0.0,0.0,2.0,180.0,2.0,1.0,347.0,1.0,5
0.44505900144577026,2.0,0.4293331503868103,7.0,0.0,0.5,0.20000000298023224,4.0,0.0,0.5780110955238342,1.0,2.0,1.0,1.0,2.0,0.9206726551055908,0.0,0.0,0.0,3.0,0.0,2.0,0.0,0.0,0.0,4
0.5777954459190369,2.0,0.2875363230705261,0.0,0.0,0.30000001192092896,0.20000000298023224,6.0,0.0,0.4056439697742462,1.0,3.0,0.0,5.0,2.0,0.19178758561611176,0.6498088240623474,0.0,0.0,14.0,0.0,2.0,1.0,288.0,1.0,6
0.9156278967857361,3.0,0.27851659059524536,0.0,0.0,0.20000000298023224,0.20000000298023224,4.0,0.0,0.5132216811180115,1.0,3.0,0.0,1.0,1.0,0.7585811614990234,0.8364332318305969,135.0,0.30000001192092896,1.0,90.0,0.0,1.0,0.0,0.0,1
0.4815162420272827,1.0,0.3328537344932556,9.0,1.0,0.6000000238418579,0.20000000298023224,8.0,0.0,0.6826862096786499,0.4670463800430298,3.0,0.0,6.0,2.0,0.8978460431098938,0.14328402280807495,0.0,0.30000001192092896,10.0,0.0,0.0,0.0,0.0,1.0,4
0.4931824207305908,3.0,0.18234685063362122,0.0,1.0,0.6000000238418579,0.6000000238418579,8.0,0.0,0.9091718196868896,1.0,1.0,0.0,6.0,1.0,0.21856577694416046,0.12927085161209106,180.0,0.0,1.0,152.0,1.0,0.0,242.0,1.0,7
0.2777479290962219,5.0,0.4470229148864746,2.0,0.0,0.20000000298023224,0.5,2.0,0.0,0.5307865142822266,0.6596735119819641,1.0,1.0,4.0,0.0,0.6521754860877991,0.15606623888015747,90.0,0.0,1.0,315.0,1.0,0.0,54.0,0.0,6
0.28302907943725586,1.0,0.43847784399986267,0.0,1.0,0.5,0.6000000238418579,3.0,0.0,0.8899760246276855,0.6361277103424072,1.0,1.0,4.0,2.0,0.08644738048315048,0.0,219.0,0.5,1.0,315.0,0.0,0.0,127.0,0.0,6
0.6958447694778442,4.0,0.401065856218338,9.0,0.0,0.30000001192092896,0.30000001192092896,7.0,0.0,0.4079549312591553,1.0,0.0,0.0,5.0,0.0,0.16977524757385254,0.5,0.0,0.0,3.0,90.0,0.0,1.0,0.0,1.0,8
0.5693716406822205,1.0,0.45000556111335754,0.0,0.0,0.30000001192092896,0.20000000298023224,7.0,0.0,0.4084453284740448,1.0,2.0,0.0,2.0,1.0,0.9926825761795044,1.0,0.0,0.0,2.0,0.0,2.0,0.0,0.0,1.0,1
0.9085935950279236,8.0,0.5,0.0,0.0,0.30000001192092896,0.6000000238418579,8.0,0.0,0.6527339816093445,0.8743951320648193,1.0,1.0,5.0,2.0,0.44412487745285034,1.0,315.0,0.30000001192092896,3.0,0.0,0.0,0.0,0.0,1.0,3
0.662975549697876,1.0,0.44664281606674194,0.0,1.0,0.20000000298023224,0.5,4.0,0.0,0.4485970139503479,1.0,1.0,0.0,5.0,0.0,0.796127438545227,1.0,158.0,0.0,1.0,270.0,1.0,0.0,0.0,1.0,1
0.7033064961433411,3.0,0.22971072793006897,0.0,1.0,0.30000001192092896,0.5,5.0,0.0,0.5135848522186279,1.0,1.0,1.0,6.0,2.0,0.2840002179145813,1.0,180.0,0.0,5.0,90.0,2.0,0.0,0.0,0.0,5
0.3726121187210083,4.0,0.5,4.0,0.0,0.20000000298023224,0.20000000298023224,3.0,0.0,1.0,1.0,3.0,1.0,1.0,2.0,0.5332129597663879,0.5,0.0,0.0,4.0,0.0,2.0,0.0,125.0,1.0,5
0.7003820538520813,4.0,0.5,0.0,0.0,0.20000000298023224,0.20000000298023224,7.0,0.0,0.5483075380325317,1.0,2.0,1.0,2.0,2.0,0.8952187299728394,0.6274605393409729,0.0,0.20000000298023224,3.0,0.0,1.0,1.0,0.0,0.0,1
0.635898232460022,2.0,0.4503229260444641,0.0,2.0,0.6000000238418579,0.20000000298023224,8.0,0.0,0.7222790718078613,1.0,3.0,1.0,5.0,2.0,0.09008436650037766,0.5,180.0,0.0,1.0,0.0,1.0,1.0,0.0,0.0,7
0.8618164658546448,6.0,0.09120303392410278,7.0,1.0,0.20000000298023224,0.6000000238418579,0.0,0.0,0.43318063020706177,1.0,3.0,1.0,4.0,1.0,0.2536616623401642,0.5,0.0,0.4000000059604645,1.0,0.0,2.0,0.0,0.0,1.0,6
0.3745536208152771,2.0,0.4586866497993469,0.0,0.0,0.20000000298023224,0.5,6.0,0.0,0.9882005453109741,0.41126909852027893,1.0,0.0,4.0,0.0,0.4819585978984833,0.5,88.0,0.0,3.0,0.0,0.0,1.0,0.0,1.0,5
0.09380882978439331,4.0,0.12253015488386154,9.0,0.0,0.5,0.20000000298023224,0.0,0.0,1.0,1.0,3.0,1.0,6.0,1.0,0.29191744327545166,0.5,135.0,0.0,2.0,0.0,1.0,1.0,0.0,1.0,3
0.0740850567817688,2.0,0.5,0.0,2.0,0.6000000238418579,0.6000000238418579,1.0,0.0,0.6686562895774841,0.4845179319381714,2.0,1.0,0.0,0.0,0.6964505314826965,1.0,270.0,0.0,1.0,315.0,0.0,0.0,45.0,1.0,1
0.07080686092376709,4.0,0.18794098496437073,0.0,0.0,0.6000000238418579,0.30000001192092896,5.0,0.0,0.4665910005569458,0.8240735530853271,2.0,0.0,5.0,1.0,0.3747047781944275,0.41832607984542847,180.0,0.0,4.0,0.0,0.0,0.0,0.0,0.0,4
0.19116592407226562,4.0,0.051738135516643524,2.0,2.0,0.30000001192092896,0.30000001192092896,0.0,0.0,0.8161745071411133,0.7786703109741211,3.0,0.0,0.0,2.0,0.16353999078273773,0.0,180.0,0.0,1.0,180.0,2.0,1.0,0.0,1.0,5
0.38858115673065186,4.0,0.038371045142412186,5.0,0.0,0.30000001192092896,0.20000000298023224,4.0,0.0,0.5197487473487854,1.0,3.0,1.0,0.0,1.0,0.8051162958145142,0.0,90.0,0.0,1.0,0.0,2.0,1.0,150.0,1.0,5
0.10433447360992432,6.0,0.47416746616363525,0.0,1.0,0.20000000298023224,0.5,7.0,0.0,1.0,0.8543525338172913,0.0,0.0,6.0,1.0,0.8754485249519348,0.9351218938827515,315.0,0.0,1.0,0.0,2.0,1.0,0.0,1.0,1