0.21661323308944702,2.0,0.23981311917304993,7.0,0.0,0.5,0.6000000238418579,2.0,0.0,0.8058513402938843,1.0,2.0,0.0,2.0,1.0,0.9226307272911072,-0.13375839591026306,45.0,0.10000000149011612,1.0,0.0,1.0,1.0,45.0,0.0,3
0.8708724975585938,3.0,0.091640405356884,4.0,2.0,0.6000000238418579,0.5,1.0,0.0,1.0,1.0,2.0,0.0,3.0,0.0,0.787318766117096,-0.5,0.0,0.0,18.0,0.0,2.0,1.0,90.0,1.0,0
0.5775907635688782,1.0,0.15054944157600403,0.0,2.0,0.6000000238418579,0.6000000238418579,6.0,0.0,0.9794789552688599,0.9963228702545166,3.0,1.0,1.0,2.0,0.115412637591362,-0.5,0.0,0.0,10.0,311.0,0.0,0.0,0.0,1.0,5
0.905963659286499,3.0,0.4091903567314148,0.0,2.0,0.5,0.5,2.0,0.0,0.49487239122390747,1.0,3.0,1.0,0.0,2.0,0.9658783078193665,0.0,225.0,0.10000000149011612,1.0,180.0,1.0,1.0,0.0,0.0,3
0.7839803099632263,2.0,0.34202754497528076,0.0,0.0,0.6000000238418579,0.5,5.0,0.0,1.0,1.0,1.0,1.0,6.0,0.0,0.6658172011375427,1.0,270.0,0.0,11.0,0.0,2.0,0.0,0.0,1.0,5
0.3234703540802002,3.0,0.20469123125076294,4.0,0.0,0.6000000238418579,0.5,7.0,0.0,0.42445138096809387,0.43152573704719543,0.0,0.0,6.0,0.0,0.43448305130004883,0.5,180.0,0.20000000298023224,14.0,0.0,1.0,1.0,0.0,1.0,4
0.12250769138336182,1.0,0.044764045625925064,9.0,0.0,0.5,0.6000000238418579,4.0,0.0,0.4418286085128784,1.0,0.0,1.0,5.0,1.0,0.828425943851471,0.5,180.0,0.5,1.0,0.0,0.0,0.0,0.0,1.0,2
0.002201080322265625,2.0,0.4323563575744629,9.0,0.0,0.6000000238418579,0.5,2.0,0.0,1.0,0.9911879301071167,0.0,0.0,2.0,2.0,0.5770995616912842,0.5,180.0,0.4000000059604645,4.0,0.0,2.0,0.0,0.0,1.0,0
0.3849030137062073,3.0,0.06465932726860046,0.0,2.0,0.5,0.6000000238418579,5.0,0.0,1.0,1.0,3.0,0.0,2.0,0.0,0.4157676100730896,0.5,180.0,0.0,18.0,0.0,0.0,0.0,0.0,1.0,5
0.7708689570426941,2.0,0.15560868382453918,7.0,0.0,0.5,0.6000000238418579,1.0,0.0,1.0,0.5636272430419922,1.0,0.0,1.0,2.0,0.4600455164909363,1.0,0.0,0.0,1.0,0.0,1.0,1.0,0.0,1.0,2
0.020396769046783447,6.0,0.1398470401763916,0.0,1.0,0.5,0.6000000238418579,6.0,0.0,1.0,0.8548808097839355,3.0,1.0,2.0,2.0,0.8039132356643677,0.0,315.0,0.0,1.0,270.0,2.0,0.0,0.0,1.0,0
0.39847880601882935,4.0,0.032673660665750504,5.0,2.0,0.5,0.5,1.0,0.0,0.888847827911377,0.6932048797607422,0.0,0.0,3.0,0.0,0.060534633696079254,-0.08518511056900024,0.0,0.0,9.0,135.0,2.0,0.0,0.0,0.0,5
0.5889975428581238,3.0,0.35016965866088867,0.0,1.0,0.5,0.5,4.0,0.0,1.0,1.0,1.0,1.0,1.0,0.0,0.10272038727998734,-0.5,107.0,0.0,1.0,0.0,1.0,1.0,90.0,1.0,4
0.1354953646659851,1.0,0.0561872199177742,3.0,0.0,0.5,0.6000000238418579,7.0,0.0,1.0,1.0,3.0,1.0,2.0,2.0,0.7973694205284119,1.0,180.0,0.0,3.0,293.0,1.0,0.0,0.0,1.0,3
0.01555091142654419,4.0,0.20427994430065155,4.0,0.0,0.5,0.5,6.0,0.0,1.0,0.9080171585083008,0.0,0.0,4.0,1.0,0.11572520434856415,-0.5,180.0,0.10000000149011612,3.0,0.0,0.0,1.0,0.0,1.0,5
0.30579251050949097,1.0,0.28292953968048096,6.0,0.0,0.5,0.5,3.0,0.0,1.0,1.0,3.0,1.0,4.0,1.0,0.9887828826904297,-0.5,180.0,0.5,1.0,45.0,1.0,0.0,45.0,1.0,2
0.14457952976226807,5.0,0.36270150542259216,3.0,0.0,0.5,0.5,7.0,0.0,1.0,1.0,3.0,1.0,5.0,2.0,0.8646829724311829,0.5,0.0,0.0,8.0,315.0,1.0,0.0,90.0,0.0,7
0.44938427209854126,1.0,0.06757368892431259,6.0,2.0,0.5,0.5,3.0,0.0,1.0,0.927254319190979,0.0,1.0,5.0,0.0,0.9624281525611877,0.0,0.0,0.0,1.0,180.0,1.0,1.0,0.0,1.0,6
0.09590423107147217,1.0,0.14962640404701233,5.0,1.0,0.5,0.5,2.0,0.0,0.8101697564125061,0.7486934661865234,1.0,0.0,5.0,0.0,0.2537577450275421,0.5,225.0,0.10000000149011612,8.0,180.0,1.0,0.0,0.0,1.0,7
0.5159366726875305,4.0,0.2865598797798157,7.0,1.0,0.6000000238418579,0.6000000238418579,1.0,0.0,0.7073507308959961,1.0,2.0,1.0,3.0,2.0,0.2425173968076706,0.5,0.0,0.0,12.0,180.0,0.0,0.0,162.0,1.0,4
0.9210469126701355,3.0,0.061783112585544586,9.0,2.0,0.5,0.5,4.0,0.0,1.0,1.0,3.0,1.0,4.0,2.0,0.2983592748641968,-0.16854584217071533,180.0,0.0,18.0,0.0,1.0,1.0,0.0,1.0,3
0.6090608835220337,1.0,0.2882070243358612,0.0,0.0,0.6000000238418579,0.6000000238418579,2.0,0.0,0.5911760330200195,0.5558897852897644,3.0,0.0,5.0,1.0,0.5891080498695374,0.0,45.0,0.0,16.0,0.0,2.0,1.0,0.0,1.0,0
0.06041419506072998,4.0,0.0660412460565567,4.0,2.0,0.6000000238418579,0.5,7.0,0.0,1.0,0.9340436458587646,0.0,1.0,3.0,2.0,0.443629652261734,1.0,0.0,0.0,1.0,0.0,0.0,0.0,0.0,1.0,2
0.7813878655433655,8.0,0.19406089186668396,0.0,1.0,0.6000000238418579,0.5,1.0,0.0,1.0,1.0,2.0,1.0,5.0,1.0,0.16453833878040314,0.3401859998703003,180.0,0.0,3.0,315.0,0.0,1.0,0.0,1.0,8
0.10126274824142456,4.0,0.06075358763337135,0.0,2.0,0.6000000238418579,0.5,1.0,0.0,0.7842735052108765,1.0,1.0,0.0,2.0,2.0,0.2975773811340332,0.0,0.0,0.0,3.0,180.0,1.0,1.0,0.0,1.0,5
0.38042378425598145,4.0,0.287590891122818,6.0,2.0,0.5,0.5,3.0,0.0,0.6939260959625244,1.0,0.0,1.0,0.0,2.0,0.2020108848810196,1.0,0.0,0.0,10.0,0.0,2.0,0.0,0.0,1.0,6
0.336445152759552,6.0,0.3758348226547241,0.0,1.0,0.6000000238418579,0.5,3.0,0.0,0.9686081409454346,0.8333799839019775,2.0,0.0,2.0,2.0,0.8538604378700256,0.5,225.0,0.4000000059604645,1.0,180.0,1.0,0.0,45.0,1.0,2
0.4451873302459717,1.0,0.08745642006397247,0.0,0.0,0.6000000238418579,0.6000000238418579,1.0,0.0,1.0,0.9522641897201538,2.0,0.0,5.0,1.0,0.9013249278068542,-0.5,225.0,0.0,1.0,0.0,1.0,0.0,45.0,1.0,2
0.6239380240440369,6.0,0.18657730519771576,0.0,2.0,0.5,0.5,8.0,0.0,1.0,1.0,3.0,0.0,1.0,0.0,0.8792175650596619,1.0,167.0,0.0,1.0,0.0,0.0,1.0,45.0,1.0,3
0.6536276340484619,2.0,0.17478875815868378,0.0,2.0,0.5,0.5,7.0,0.0,0.48259881138801575,0.6182394027709961,1.0,1.0,5.0,0.0,0.32675692439079285,0.5,0.0,0.0,3.0,0.0,0.0,1.0,243.0,0.0,4
0.04715055227279663,2.0,0.21620407700538635,0.0,0.0,0.5,0.6000000238418579,1.0,0.0,0.7476013898849487,1.0,2.0,0.0,6.0,2.0,0.34054800868034363,-0.5,0.0,0.10000000149011612,5.0,180.0,0.0,1.0,0.0,1.0,4
0.32082390785217285,4.0,0.3994872272014618,5.0,1.0,0.5,0.6000000238418579,5.0,0.0,1.0,1.0,3.0,0.0,0.0,1.0,0.5820890069007874,-0.5,135.0,0.0,13.0,0.0,0.0,1.0,136.0,1.0,3
0.8760145902633667,4.0,0.04660278558731079,0.0,0.0,0.5,0.5,0.0,0.0,0.9907116889953613,0.8505392670631409,1.0,1.0,6.0,0.0,0.8966397047042847,0.5,315.0,0.0,5.0,315.0,2.0,1.0,90.0,1.0,0
0.9479660391807556,7.0,0.36830782890319824,8.0,1.0,0.5,0.6000000238418579,3.0,0.0,0.9029155969619751,1.0,3.0,1.0,0.0,2.0,0.837787389755249,0.5,61.0,0.10000000149011612,1.0,180.0,1.0,1.0,0.0,1.0,3
0.32885605096817017,5.0,0.19001935422420502,9.0,2.0,0.6000000238418579,0.6000000238418579,6.0,0.0,1.0,1.0,0.0,0.0,0.0,2.0,0.12954625487327576,-0.5,45.0,0.20000000298023224,8.0,0.0,0.0,0.0,0.0,1.0,5
0.8221166729927063,1.0,0.08974499255418777,0.0,0.0,0.6000000238418579,0.5,6.0,0.0,1.0,0.5055233836174011,3.0,1.0,2.0,1.0,0.4853271245956421,0.5,0.0,0.0,16.0,225.0,1.0,1.0,0.0,1.0,3
0.6350476145744324,7.0,0.18559938669204712,0.0,1.0,0.6000000238418579,0.5,1.0,0.0,0.5936183929443359,0.5246360301971436,3.0,0.0,1.0,1.0,0.8906113505363464,1.0,180.0,0.0,2.0,185.0,1.0,0.0,0.0,1.0,0
0.1667543649673462,4.0,0.06737171113491058,4.0,0.0,0.6000000238418579,0.5,7.0,0.0,0.4631277918815613,0.7564606666564941,1.0,0.0,1.0,0.0,0.5436673164367676,1.0,180.0,0.0,1.0,315.0,0.0,1.0,0.0,1.0,4
0.8984423279762268,4.0,0.04022213816642761,0.0,0.0,0.6000000238418579,0.5,2.0,0.0,0.6481301188468933,0.5315415263175964,2.0,1.0,0.0,0.0,0.13614311814308167,0.5885415077209473,45.0,0.0,2.0,0.0,2.0,1.0,0.0,1.0,5
0.3430980443954468,5.0,0.13330627977848053,0.0,1.0,0.6000000238418579,0.6000000238418579,8.0,0.0,0.7390047311782837,1.0,0.0,0.0,1.0,0.0,0.9428733587265015,-0.5,180.0,0.0,12.0,0.0,0.0,0.0,0.0,1.0,6
0.2615888714790344,2.0,0.0552939847111702,6.0,2.0,0.6000000238418579,0.6000000238418579,0.0,0.0,0.8051331043243408,1.0,1.0,0.0,0.0,1.0,0.4777352213859558,0.0,225.0,0.0,1.0,123.0,0.0,1.0,0.0,1.0,4
0.6022126078605652,8.0,0.09124881029129028,3.0,2.0,0.5,0.5,5.0,0.0,0.5338209867477417,1.0,1.0,0.0,6.0,1.0,0.8098884224891663,1.0,0.0,0.4000000059604645,1.0,225.0,1.0,1.0,0.0,1.0,5
0.8707277774810791,1.0,0.22005614638328552,0.0,2.0,0.5,0.6000000238418579,7.0,0.0,1.0,1.0,2.0,1.0,1.0,0.0,0.27223795652389526,0.0,135.0,0.0,1.0,135.0,2.0,0.0,90.0,1.0,0
0.8878961801528931,3.0,0.04408850148320198,0.0,1.0,0.6000000238418579,0.5,5.0,0.0,1.0,1.0,0.0,0.0,0.0,2.0,0.3314526081085205,0.5,315.0,0.20000000298023224,7.0,180.0,1.0,0.0,273.0,0.0,5
0.1415691375732422,2.0,0.35196325182914734,0.0,2.0,0.6000000238418579,0.5,2.0,0.0,1.0,0.6583276987075806,0.0,1.0,4.0,2.0,0.7263767719268799,0.0,0.0,0.30000001192092896,11.0,0.0,1.0,0.0,0.0,1.0,2
0.1903480887413025,1.0,0.16996966302394867,0.0,2.0,0.5,0.5,1.0,0.0,0.5977200269699097,1.0,0.0,1.0,5.0,0.0,0.8691715002059937,0.9441838264465332,0.0,0.0,6.0,0.0,2.0,1.0,0.0,1.0,7
0.8258513808250427,7.0,0.2757984697818756,0.0,2.0,0.5,0.5,3.0,0.0,0.7829272150993347,1.0,3.0,1.0,2.0,2.0,0.0910196304321289,1.0,135.0,0.10000000149011612,4.0,270.0,2.0,0.0,0.0,1.0,3
0.950618326663971,3.0,0.1829284280538559,9.0,1.0,0.5,0.6000000238418579,6.0,0.0,1.0,1.0,3.0,1.0,6.0,1.0,0.9517324566841125,0.5,180.0,0.0,1.0,315.0,1.0,1.0,0.0,1.0,4
0.3786813020706177,2.0,0.27763691544532776,0.0,1.0,0.5,0.5,0.0,0.0,0.5816869735717773,1.0,0.0,0.0,6.0,0.0,0.12009258568286896,-0.5,225.0,0.7524179220199585,4.0,0.0,0.0,1.0,134.0,1.0,7
0.015838325023651123,4.0,0.13087736070156097,9.0,1.0,0.5,0.6000000238418579,4.0,0.0,0.8494935035705566,0.6587662100791931,3.0,0.0,1.0,0.0,0.9692694544792175,-0.36562061309814453,0.0,0.0,15.0,0.0,0.0,0.0,0.0,1.0,5
0.12665557861328125,1.0,0.18087950348854065,0.0,1.0,0.6000000238418579,0.6000000238418579,5.0,0.0,0.6457976698875427,1.0,0.0,0.0,2.0,0.0,0.5691440105438232,0.0,0.0,0.0,3.0,0.0,0.0,0.0,0.0,0.0,4
0.6452330350875854,1.0,0.40593817830085754,0.0,1.0,0.5,0.5,0.0,0.0,1.0,1.0,2.0,1.0,4.0,1.0,0.8948766589164734,1.0,180.0,0.0,3.0,180.0,1.0,1.0,0.0,1.0,2
0.736763060092926,4.0,0.11380117386579514,0.0,2.0,0.6000000238418579,0.6000000238418579,1.0,0.0,1.0,0.6041884422302246,1.0,0.0,4.0,1.0,0.2585572302341461,-0.5,315.0,0.9791941046714783,1.0,0.0,0.0,1.0,0.0,1.0,4
0.06691384315490723,3.0,0.2587892413139343,7.0,0.0,0.5,0.5,7.0,0.0,0.7455585598945618,0.7866507172584534,2.0,0.0,1.0,1.0,0.05826999619603157,0.0,315.0,0.4000000059604645,4.0,0.0,0.0,1.0,0.0,1.0,5
0.4860689043998718,2.0,0.37139201164245605,0.0,1.0,0.5,0.6000000238418579,2.0,0.0,1.0,0.7895889282226562,3.0,0.0,3.0,0.0,0.42641162872314453,-0.5,45.0,0.0,10.0,0.0,2.0,1.0,0.0,0.0,0
0.08545339107513428,3.0,0.2475835382938385,0.0,1.0,0.6000000238418579,0.5,2.0,0.0,1.0,1.0,1.0,0.0,2.0,0.0,0.3965975344181061,0.5,0.0,0.0,1.0,0.0,1.0,0.0,0.0,1.0,2
0.8321795463562012,2.0,0.13537970185279846,0.0,1.0,0.6000000238418579,0.6000000238418579,2.0,0.0,1.0,1.0,1.0,1.0,0.0,2.0,0.39599180221557617,0.0,180.0,0.0,4.0,0.0,0.0,1.0,0.0,1.0,2
0.24024105072021484,4.0,0.3575475811958313,3.0,1.0,0.5,0.5,7.0,0.0,1.0,1.0,3.0,1.0,4.0,1.0,0.3573980927467346,1.0,0.0,0.0,2.0,0.0,0.0,1.0,86.0,1.0,5
0.7844890356063843,2.0,0.48298877477645874,6.0,0.0,0.6000000238418579,0.6000000238418579,7.0,0.0,0.41242143511772156,0.5071262121200562,3.0,1.0,2.0,0.0,0.28294575214385986,0.371354341506958,0.0,0.4000000059604645,7.0,180.0,1.0,0.0,0.0,1.0,5
0.014619886875152588,1.0,0.1662624627351761,8.0,0.0,0.5,0.6000000238418579,1.0,0.0,0.6550165414810181,1.0,2.0,1.0,5.0,2.0,0.8287085294723511,1.0,180.0,0.0,4.0,0.0,0.0,1.0,90.0,1.0,2
0.5762065649032593,4.0,0.11499272286891937,3.0,2.0,0.5,0.6000000238418579,2.0,0.0,0.9023354053497314,1.0,1.0,0.0,5.0,1.0,0.7670910358428955,-0.5,225.0,0.5,1.0,95.0,0.0,0.0,0.0,1.0,2
0.5958049297332764,3.0,0.34629228711128235,0.0,2.0,0.5,0.6000000238418579,7.0,0.0,1.0,1.0,2.0,0.0,4.0,1.0,0.7713190913200378,1.0,0.0,0.0,16.0,225.0,1.0,1.0,45.0,1.0,0
0.13716542720794678,3.0,0.09472488611936569,3.0,2.0,0.5,0.6000000238418579,5.0,0.0,0.6871087551116943,1.0,3.0,1.0,3.0,1.0,0.40386974811553955,-0.11648327112197876,0.0,0.0,10.0,180.0,2.0,1.0,0.0,0.0,0
0.68558269739151,8.0,0.07460556924343109,0.0,2.0,0.5,0.6000000238418579,7.0,0.0,1.0,1.0,2.0,0.0,0.0,0.0,0.1281774789094925,1.0,0.0,0.0,5.0,90.0,2.0,1.0,0.0,1.0,7
0.8674130439758301,4.0,0.3619379699230194,9.0,2.0,0.5,0.5,7.0,0.0,1.0,1.0,1.0,0.0,3.0,0.0,0.45045146346092224,0.5,315.0,0.0,14.0,90.0,1.0,0.0,135.0,0.0,6
0.8617919087409973,2.0,0.029344672337174416,0.0,1.0,0.5,0.5,0.0,0.0,1.0,0.749687910079956,1.0,1.0,4.0,2.0,0.9859412312507629,0.4021332859992981,0.0,0.0,3.0,0.0,2.0,0.0,0.0,1.0,0
0.2115822434425354,7.0,0.06317771971225739,5.0,1.0,0.6000000238418579,0.5,0.0,0.0,0.7464680075645447,1.0,2.0,0.0,5.0,2.0,0.5814850926399231,0.5,0.0,0.0,1.0,0.0,2.0,0.0,260.0,1.0,0
0.9905851483345032,2.0,0.34894323348999023,0.0,0.0,0.5,0.6000000238418579,8.0,0.0,1.0,1.0,2.0,1.0,3.0,0.0,0.8136788010597229,1.0,0.0,0.0,3.0,0.0,2.0,1.0,0.0,1.0,5
0.5340439677238464,2.0,0.04589410871267319,6.0,2.0,0.6000000238418579,0.6000000238418579,2.0,0.0,1.0,0.49754491448402405,1.0,0.0,4.0,1.0,0.21949894726276398,0.5,0.0,0.0,5.0,90.0,2.0,0.0,0.0,1.0,4
0.18947267532348633,3.0,0.4008137881755829,8.0,1.0,0.6000000238418579,0.5,3.0,0.0,0.6513373851776123,1.0,0.0,1.0,4.0,2.0,0.10371850430965424,0.3723963499069214,90.0,0.8666048049926758,13.0,45.0,0.0,1.0,0.0,0.0,8
0.7948409914970398,7.0,0.19684474170207977,0.0,2.0,0.5,0.6000000238418579,4.0,0.0,1.0,1.0,3.0,1.0,6.0,1.0,0.25494900345802307,1.0,0.0,0.0,4.0,0.0,1.0,1.0,0.0,1.0,6
0.8411461710929871,1.0,0.1234951764345169,3.0,2.0,0.5,0.5,1.0,0.0,1.0,1.0,1.0,1.0,2.0,2.0,0.18964655697345734,1.0,45.0,0.0,17.0,8.0,2.0,0.0,0.0,0.0,7
0.5264031887054443,4.0,0.3609018623828888,0.0,0.0,0.6000000238418579,0.6000000238418579,2.0,0.0,0.5913708209991455,0.8585646152496338,2.0,0.0,3.0,1.0,0.8809163570404053,-0.5,0.0,0.0,1.0,180.0,0.0,0.0,0.0,1.0,2
0.15808498859405518,5.0,0.3450358808040619,0.0,1.0,0.6000000238418579,0.5,4.0,0.0,0.9626431465148926,0.4813006520271301,0.0,1.0,2.0,1.0,0.2664531469345093,0.5,180.0,0.30000001192092896,1.0,0.0,2.0,1.0,0.0,1.0,3
0.6110435724258423,4.0,0.3541523218154907,9.0,2.0,0.5,0.6000000238418579,0.0,0.0,0.6091025471687317,1.0,1.0,0.0,4.0,1.0,0.7674520611763,0.5,0.0,0.30000001192092896,3.0,180.0,1.0,1.0,135.0,1.0,4
0.7979429960250854,3.0,0.42483779788017273,5.0,1.0,0.5,0.5,4.0,0.0,1.0,0.5284237265586853,1.0,0.0,5.0,2.0,0.7378270626068115,-0.5,135.0,0.0,3.0,135.0,0.0,1.0,0.0,1.0,6
0.3592362403869629,4.0,0.2518450617790222,0.0,2.0,0.5,0.6000000238418579,0.0,0.0,1.0,1.0,2.0,0.0,2.0,1.0,0.9005715250968933,0.0,0.0,0.0,8.0,225.0,2.0,0.0,0.0,1.0,0
0.0297166109085083,6.0,0.06618029624223709,0.0,1.0,0.5,0.5,5.0,0.0,1.0,1.0,3.0,0.0,3.0,1.0,0.06559872627258301,-0.5,180.0,0.0,1.0,159.0,1.0,0.0,0.0,1.0,2
0.3886749744415283,6.0,0.24285376071929932,7.0,1.0,0.5,0.5,2.0,0.0,0.5081592202186584,1.0,0.0,1.0,0.0,1.0,0.2608962059020996,0.0,0.0,0.0,1.0,180.0,2.0,1.0,0.0,1.0,0
0.9506943821907043,2.0,0.3410933315753937,0.0,2.0,0.5,0.6000000238418579,0.0,0.0,1.0,1.0,1.0,1.0,4.0,1.0,0.7963316440582275,0.95977783203125,180.0,0.0,1.0,0.0,1.0,0.0,0.0,1.0,2
0.8041132688522339,7.0,0.2867651879787445,0.0,1.0,0.5,0.6000000238418579,2.0,0.0,0.40184345841407776,1.0,2.0,1.0,5.0,0.0,0.9169448614120483,1.0,0.0,0.5,16.0,45.0,0.0,0.0,45.0,0.0,3
0.25418782234191895,4.0,0.38591131567955017,0.0,1.0,0.5,0.5,4.0,0.0,0.774168848991394,0.4974834620952606,2.0,0.0,5.0,0.0,0.5400625467300415,-0.5,270.0,0.0,17.0,0.0,2.0,1.0,45.0,1.0,0
0.17798596620559692,2.0,0.2819267809391022,0.0,2.0,0.5,0.6000000238418579,2.0,0.0,1.0,1.0,3.0,1.0,4.0,0.0,0.20807214081287384,0.5,69.0,0.0,5.0,0.0,2.0,1.0,0.0,1.0,7
0.04804307222366333,1.0,0.3925085663795471,4.0,1.0,0.6000000238418579,0.6000000238418579,3.0,0.0,0.9155817031860352,1.0,0.0,0.0,3.0,2.0,0.6761894226074219,0.6783562898635864,0.0,0.0,11.0,270.0,1.0,0.0,0.0,1.0,2
0.8318114876747131,7.0,0.03612016141414642,0.0,2.0,0.5,0.6000000238418579,0.0,0.0,0.8565909266471863,1.0,1.0,1.0,5.0,2.0,0.8920568823814392,-0.5,0.0,0.5,9.0,180.0,1.0,0.0,0.0,1.0,3
0.22393447160720825,1.0,0.2702164053916931,4.0,2.0,0.6000000238418579,0.6000000238418579,2.0,0.0,1.0,1.0,3.0,1.0,0.0,2.0,0.9615086317062378,0.0,0.0,0.30000001192092896,1.0,180.0,1.0,0.0,45.0,1.0,2
0.918376088142395,2.0,0.22041596472263336,0.0,2.0,0.5,0.6000000238418579,2.0,0.0,0.5753980278968811,1.0,1.0,0.0,1.0,1.0,0.7823374271392822,0.0,0.0,0.4000000059604645,3.0,90.0,1.0,1.0,0.0,1.0,2
0.8774387240409851,3.0,0.3534216284751892,0.0,0.0,0.5,0.5,7.0,0.0,0.5567880272865295,0.5516913533210754,2.0,0.0,3.0,1.0,0.46539992094039917,1.0,0.0,0.30000001192092896,5.0,0.0,2.0,1.0,90.0,1.0,4
0.8046984672546387,4.0,0.29232117533683777,0.0,1.0,0.5,0.5,1.0,0.0,1.0,0.5776693820953369,0.0,0.0,6.0,0.0,0.3498964309692383,0.0,180.0,0.0,2.0,0.0,0.0,0.0,274.0,1.0,8
0.27889078855514526,6.0,0.14095701277256012,0.0,1.0,0.5,0.5,7.0,0.0,1.0,0.9592341184616089,3.0,1.0,0.0,2.0,0.5571603178977966,0.256580114364624,0.0,0.0,8.0,270.0,2.0,0.0,0.0,1.0,0
0.2557765245437622,4.0,0.23544152081012726,0.0,2.0,0.5,0.5,6.0,0.0,1.0,1.0,3.0,1.0,2.0,1.0,0.2647937834262848,-0.5,0.0,0.0,1.0,315.0,0.0,1.0,0.0,0.0,6
0.8950207233428955,4.0,0.4978407621383667,0.0,0.0,0.5,0.6000000238418579,1.0,0.0,1.0,0.43589046597480774,2.0,0.0,3.0,0.0,0.9204859137535095,0.7270057201385498,0.0,0.10000000149011612,17.0,270.0,1.0,0.0,336.0,1.0,0
0.9191145896911621,3.0,0.21288037300109863,0.0,2.0,0.6000000238418579,0.5,3.0,0.0,1.0,1.0,2.0,0.0,1.0,1.0,0.7523479461669922,1.0,0.0,0.0,2.0,257.0,0.0,0.0,0.0,0.0,0
0.9613720178604126,1.0,0.11102990061044693,5.0,2.0,0.5,0.5,1.0,0.0,1.0,0.6583682298660278,1.0,0.0,4.0,0.0,0.4701029360294342,0.0,45.0,0.0,19.0,180.0,1.0,1.0,97.0,1.0,8
0.6100325584411621,3.0,0.2593749761581421,4.0,2.0,0.6000000238418579,0.6000000238418579,3.0,0.0,1.0,0.558350145816803,0.0,1.0,0.0,0.0,0.3889653980731964,1.0,180.0,0.10000000149011612,14.0,0.0,1.0,1.0,0.0,1.0,6
0.10550099611282349,6.0,0.12974457442760468,0.0,1.0,0.5,0.6000000238418579,8.0,0.0,1.0,1.0,3.0,1.0,5.0,2.0,0.7955461144447327,1.0,180.0,0.0,9.0,12.0,1.0,1.0,0.0,1.0,5
0.8977559208869934,1.0,0.24828079342842102,3.0,2.0,0.6000000238418579,0.5,1.0,0.0,0.7178223729133606,1.0,0.0,0.0,2.0,0.0,0.5126193165779114,0.0,0.0,0.0,4.0,0.0,1.0,1.0,0.0,1.0,8
0.5209575295448303,7.0,0.22647346556186676,0.0,0.0,0.6000000238418579,0.5,5.0,0.0,1.0,1.0,1.0,1.0,4.0,2.0,0.25708675384521484,0.5,270.0,0.0,1.0,0.0,2.0,1.0,0.0,1.0,5
0.4922868609428406,1.0,0.3695146441459656,0.0,2.0,0.6000000238418579,0.6000000238418579,7.0,0.0,1.0,0.7681517601013184,1.0,1.0,2.0,2.0,0.5229759812355042,0.5,0.0,0.10000000149011612,9.0,0.0,0.0,0.0,0.0,1.0,2
0.1920468807220459,2.0,0.48143839836120605,0.0,1.0,0.5,0.6000000238418579,2.0,0.0,0.4155338704586029,0.7343290448188782,0.0,0.0,1.0,0.0,0.1088080182671547,1.0,180.0,0.0,1.0,0.0,0.0,0.0,135.0,1.0,2
0.9320572018623352,4.0,0.465679794549942,5.0,0.0,0.6000000238418579,0.5,2.0,0.0,1.0,1.0,2.0,1.0,1.0,1.0,0.696169912815094,1.0,180.0,0.0,9.0,0.0,0.0,1.0,0.0,1.0,3
0.6693732738494873,4.0,0.35440725088119507,0.0,0.0,0.5,0.6000000238418579,0.0,0.0,1.0,1.0,1.0,0.0,6.0,1.0,0.32382962107658386,-0.20750412344932556,181.0,0.0,1.0,0.0,2.0,0.0,0.0,1.0,0
0.07236194610595703,4.0,0.35137224197387695,6.0,0.0,0.5,0.5,2.0,0.0,0.5964077711105347,1.0,2.0,1.0,4.0,1.0,0.6392272710800171,0.0,0.0,0.0,3.0,315.0,1.0,0.0,315.0,1.0,4
0.8961638808250427,8.0,0.17441019415855408,0.0,1.0,0.5,0.5,2.0,0.0,0.7445023059844971,1.0,3.0,1.0,6.0,0.0,0.7966803908348083,0.0,45.0,0.20000000298023224,9.0,0.0,1.0,0.0,0.0,1.0,5
0.8745744824409485,1.0,0.4073348045349121,7.0,2.0,0.6000000238418579,0.6000000238418579,8.0,0.0,1.0,1.0,2.0,1.0,3.0,0.0,0.5091378688812256,1.0,90.0,0.4936608672142029,3.0,180.0,1.0,1.0,170.0,1.0,5
0.5853748321533203,4.0,0.18902672827243805,6.0,1.0,0.5,0.6000000238418579,3.0,0.0,0.6684167981147766,1.0,3.0,1.0,1.0,1.0,0.7978194952011108,1.0,180.0,0.30000001192092896,19.0,217.0,2.0,1.0,0.0,1.0,4
0.9961430430412292,6.0,0.3244597911834717,0.0,0.0,0.6000000238418579,0.5,4.0,0.0,0.46751853823661804,1.0,1.0,0.0,0.0,2.0,0.7215758562088013,0.0,0.0,0.20000000298023224,16.0,0.0,0.0,1.0,135.0,1.0,6
0.6475782990455627,2.0,0.24268682301044464,6.0,0.0,0.6000000238418579,0.6000000238418579,6.0,0.0,0.8699644804000854,1.0,0.0,1.0,1.0,2.0,0.9553061127662659,0.44308650493621826,135.0,0.5,3.0,90.0,0.0,0.0,0.0,1.0,3
0.6813680529594421,3.0,0.48375067114830017,3.0,2.0,0.6000000238418579,0.6000000238418579,6.0,0.0,0.5969602465629578,0.44870734214782715,1.0,1.0,1.0,0.0,0.6242681741714478,0.0,225.0,0.0,4.0,0.0,1.0,1.0,0.0,0.0,3
0.1696302890777588,3.0,0.32009854912757874,0.0,1.0,0.6000000238418579,0.6000000238418579,8.0,0.0,0.6226813793182373,1.0,2.0,1.0,6.0,2.0,0.6386175155639648,0.0,180.0,0.0,4.0,0.0,2.0,0.0,0.0,1.0,0
0.45296114683151245,4.0,0.06946497410535812,2.0,0.0,0.6000000238418579,0.5,7.0,0.0,0.46850526332855225,0.5015517473220825,2.0,1.0,2.0,2.0,0.4100118577480316,0.0349963903427124,0.0,0.30000001192092896,1.0,180.0,2.0,1.0,0.0,1.0,0
0.4904005527496338,6.0,0.058463435620069504,4.0,0.0,0.6000000238418579,0.6000000238418579,7.0,0.0,1.0,1.0,1.0,0.0,0.0,1.0,0.7568044066429138,0.5,0.0,0.0,15.0,0.0,0.0,1.0,0.0,1.0,2
0.5298330783843994,1.0,0.49071764945983887,6.0,0.0,0.5,0.5,5.0,0.0,0.5636415481567383,0.6522994041442871,3.0,1.0,1.0,0.0,0.10138551890850067,0.5,180.0,0.0,1.0,0.0,2.0,0.0,0.0,1.0,3
0.7133082747459412,1.0,0.08881871402263641,8.0,0.0,0.6000000238418579,0.6000000238418579,5.0,0.0,1.0,1.0,2.0,0.0,0.0,2.0,0.7123653292655945,-0.5,0.0,0.0,2.0,0.0,1.0,0.0,164.0,1.0,5
0.14288759231567383,1.0,0.3472779393196106,4.0,0.0,0.6000000238418579,0.5,5.0,0.0,1.0,1.0,0.0,1.0,5.0,0.0,0.4946939945220947,-0.3652493953704834,180.0,0.10000000149011612,10.0,135.0,1.0,1.0,0.0,1.0,9
0.8232573866844177,2.0,0.02855544164776802,0.0,2.0,0.5,0.5,1.0,0.0,0.413275808095932,0.898585319519043,3.0,0.0,3.0,0.0,0.5324702262878418,-0.5,0.0,0.7381275296211243,3.0,0.0,0.0,1.0,0.0,1.0,5
0.9839078187942505,8.0,0.17173688113689423,5.0,1.0,0.5,0.6000000238418579,6.0,0.0,0.7894050478935242,0.641706645488739,3.0,1.0,0.0,1.0,0.24393662810325623,1.0,0.0,0.4000000059604645,1.0,225.0,1.0,1.0,135.0,0.0,5
0.226324200630188,1.0,0.43948984146118164,0.0,0.0,0.6000000238418579,0.5,2.0,0.0,0.7725571393966675,1.0,1.0,1.0,1.0,1.0,0.7511563897132874,-0.5,135.0,0.0,12.0,0.0,2.0,1.0,135.0,0.0,0
0.7032210230827332,2.0,0.3741533160209656,0.0,2.0,0.5,0.5,6.0,0.0,1.0,1.0,0.0,1.0,6.0,2.0,0.9712085127830505,-0.5,180.0,0.6643596291542053,3.0,0.0,2.0,0.0,135.0,1.0,0
0.7868516445159912,3.0,0.36298343539237976,10.0,2.0,0.5,0.6000000238418579,3.0,0.0,1.0,0.8528427481651306,0.0,0.0,0.0,0.0,0.623236894607544,0.5,225.0,0.0,1.0,0.0,0.0,0.0,0.0,1.0,0
0.9334230422973633,4.0,0.06396514922380447,0.0,0.0,0.6000000238418579,0.5,8.0,0.0,1.0,0.9691809415817261,2.0,0.0,4.0,2.0,0.8331888914108276,0.8574696779251099,0.0,0.0,18.0,90.0,0.0,0.0,0.0,1.0,0
0.7006485462188721,3.0,0.18943388760089874,0.0,2.0,0.5,0.5,2.0,0.0,0.8140623569488525,0.789771556854248,1.0,1.0,3.0,1.0,0.8555799722671509,0.5,0.0,0.0,12.0,180.0,2.0,0.0,0.0,1.0,0
0.1254684329032898,3.0,0.44058486819267273,0.0,0.0,0.5,0.6000000238418579,1.0,0.0,1.0,1.0,3.0,1.0,1.0,2.0,0.11911965906620026,-0.17520344257354736,194.0,0.0,3.0,0.0,2.0,1.0,0.0,0.0,4
0.9189705848693848,2.0,0.1984468698501587,4.0,0.0,0.6000000238418579,0.5,4.0,0.0,0.41426315903663635,1.0,1.0,0.0,4.0,0.0,0.7905359268188477,0.0,90.0,0.0,2.0,180.0,0.0,0.0,135.0,0.0,5
0.1855418086051941,1.0,0.19495370984077454,0.0,2.0,0.5,0.5,3.0,0.0,0.45586156845092773,0.7296738624572754,1.0,0.0,6.0,2.0,0.5884319543838501,0.5,315.0,0.0,11.0,180.0,1.0,0.0,0.0,1.0,3
0.6232817769050598,3.0,0.20024551451206207,0.0,0.0,0.5,0.5,1.0,0.0,1.0,1.0,1.0,1.0,0.0,1.0,0.9665135741233826,0.1459873914718628,315.0,0.10000000149011612,3.0,74.0,1.0,0.0,0.0,1.0,2
0.41271013021469116,2.0,0.15816694498062134,0.0,2.0,0.5,0.6000000238418579,6.0,0.0,0.7954117059707642,1.0,2.0,0.0,1.0,2.0,0.9230211973190308,1.0,0.0,0.0,1.0,0.0,2.0,0.0,0.0,1.0,2
0.25079822540283203,4.0,0.042205266654491425,7.0,1.0,0.5,0.6000000238418579,7.0,0.0,0.8955321907997131,1.0,0.0,1.0,3.0,0.0,0.13070400059223175,0.0,63.0,0.10000000149011612,3.0,90.0,1.0,0.0,0.0,1.0,4
0.2373570203781128,7.0,0.43327975273132324,0.0,0.0,0.6000000238418579,0.6000000238418579,6.0,0.0,0.6379566788673401,0.6820738911628723,0.0,1.0,4.0,2.0,0.16917066276073456,-0.44594427943229675,45.0,0.30000001192092896,2.0,270.0,2.0,0.0,0.0,0.0,0
0.5708122253417969,3.0,0.27218136191368103,0.0,0.0,0.5,0.5,6.0,0.0,1.0,0.8026093244552612,3.0,0.0,0.0,2.0,0.4789537787437439,1.0,180.0,0.20000000298023224,15.0,45.0,2.0,0.0,0.0,1.0,5
0.26039761304855347,1.0,0.16307303309440613,5.0,0.0,0.5,0.6000000238418579,7.0,0.0,0.9423466920852661,0.42016252875328064,0.0,0.0,4.0,1.0,0.1441233605146408,0.0,225.0,0.0,1.0,180.0,0.0,1.0,0.0,1.0,4
0.31179821491241455,3.0,0.3614068031311035,0.0,0.0,0.5,0.5,5.0,0.0,1.0,0.5723198652267456,1.0,1.0,2.0,0.0,0.6977856159210205,1.0,0.0,0.30000001192092896,5.0,180.0,0.0,1.0,0.0,1.0,3
0.09327465295791626,4.0,0.16988885402679443,6.0,1.0,0.6000000238418579,0.5,0.0,0.0,0.9596916437149048,1.0,1.0,0.0,5.0,0.0,0.6323025226593018,0.5,0.0,0.2322443127632141,2.0,0.0,2.0,0.0,0.0,1.0,0
0.8392994403839111,7.0,0.38973820209503174,6.0,1.0,0.5,0.6000000238418579,8.0,0.0,1.0,0.9357537031173706,1.0,0.0,0.0,0.0,0.08356859534978867,0.5,0.0,0.0,20.0,0.0,1.0,1.0,0.0,1.0,8
0.4987366199493408,3.0,0.2036479115486145,2.0,1.0,0.5,0.5,7.0,0.0,0.6958545446395874,0.42110198736190796,3.0,1.0,6.0,2.0,0.19618050754070282,-0.5,180.0,0.0,9.0,315.0,2.0,0.0,0.0,1.0,0
0.3845965266227722,1.0,0.2904720604419708,5.0,2.0,0.5,0.5,5.0,0.0,0.7186553478240967,0.4698452055454254,2.0,1.0,2.0,2.0,0.9138357043266296,1.0,0.0,0.0,9.0,45.0,1.0,0.0,0.0,1.0,0
0.3323960304260254,3.0,0.4786035418510437,4.0,0.0,0.6000000238418579,0.5,8.0,0.0,0.7419149279594421,1.0,3.0,0.0,2.0,0.0,0.22679579257965088,1.0,85.0,0.10000000149011612,1.0,0.0,1.0,1.0,0.0,1.0,3
0.32415658235549927,1.0,0.1963980793952942,10.0,0.0,0.5,0.5,0.0,0.0,0.42708757519721985,1.0,1.0,1.0,4.0,2.0,0.9957506060600281,0.0,0.0,0.4000000059604645,3.0,0.0,1.0,1.0,0.0,1.0,3
0.7850699424743652,1.0,0.1793885976076126,0.0,1.0,0.5,0.5,7.0,0.0,1.0,1.0,0.0,0.0,1.0,0.0,0.35891908407211304,-0.5,180.0,0.0,1.0,180.0,1.0,0.0,0.0,0.0,4
0.009864270687103271,1.0,0.23431137204170227,3.0,0.0,0.6000000238418579,0.6000000238418579,2.0,0.0,0.4432983994483948,1.0,0.0,0.0,6.0,1.0,0.6167225241661072,1.0,0.0,0.0,1.0,180.0,1.0,0.0,0.0,1.0,2
0.42590099573135376,1.0,0.2557990252971649,4.0,1.0,0.5,0.6000000238418579,5.0,0.0,0.8126829266548157,0.5290785431861877,0.0,1.0,5.0,2.0,0.9258670210838318,-0.5,135.0,0.0,1.0,0.0,0.0,0.0,0.0,1.0,0
0.6500335335731506,1.0,0.47631773352622986,7.0,1.0,0.5,0.5,7.0,0.0,0.4796326458454132,1.0,3.0,1.0,6.0,0.0,0.622169554233551,-0.5,180.0,0.0,1.0,0.0,2.0,1.0,0.0,1.0,0
0.5462601184844971,2.0,0.3535368740558624,0.0,1.0,0.5,0.5,0.0,0.0,0.771355926990509,1.0,0.0,0.0,1.0,2.0,0.5789651274681091,0.0,180.0,0.0,4.0,90.0,2.0,1.0,0.0,1.0,0
0.7412008047103882,2.0,0.33959752321243286,7.0,1.0,0.6000000238418579,0.5,0.0,0.0,1.0,0.9634218215942383,1.0,1.0,3.0,0.0,0.645430326461792,0.0,225.0,0.1436038613319397,1.0,180.0,2.0,1.0,0.0,0.0,0
0.3044304847717285,4.0,0.033690035343170166,8.0,0.0,0.5,0.5,1.0,0.0,1.0,1.0,3.0,0.0,0.0,0.0,0.9466586709022522,-0.5,225.0,0.30000001192092896,3.0,180.0,0.0,0.0,90.0,1.0,5
0.5506995320320129,8.0,0.03185144066810608,0.0,0.0,0.5,0.5,1.0,0.0,0.9400690793991089,0.54729163646698,3.0,1.0,4.0,0.0,0.8148247599601746,0.5,0.0,0.0,1.0,0.0,1.0,1.0,0.0,1.0,4
0.1710723638534546,2.0,0.267060250043869,4.0,2.0,0.5,0.6000000238418579,4.0,0.0,1.0,0.9558699131011963,3.0,0.0,0.0,2.0,0.7582721710205078,1.0,0.0,0.0,5.0,45.0,0.0,0.0,0.0,1.0,3
0.15001600980758667,2.0,0.028538553044199944,3.0,0.0,0.6000000238418579,0.5,7.0,0.0,1.0,0.5716264247894287,1.0,1.0,4.0,2.0,0.7628620862960815,0.572304368019104,270.0,0.0,1.0,90.0,2.0,0.0,0.0,1.0,0
0.17546957731246948,1.0,0.2450060099363327,0.0,1.0,0.5,0.5,8.0,0.0,0.44194307923316956,0.8019129037857056,1.0,0.0,2.0,0.0,0.8074172139167786,-0.14607474207878113,38.0,0.4000000059604645,1.0,0.0,2.0,0.0,90.0,1.0,0
0.498926043510437,6.0,0.2346848100423813,8.0,2.0,0.5,0.5,7.0,0.0,1.0,0.6567597389221191,1.0,1.0,1.0,0.0,0.21259841322898865,0.0,0.0,0.0,3.0,0.0,0.0,1.0,0.0,1.0,6
0.45255720615386963,4.0,0.13179975748062134,0.0,0.0,0.5,0.5,1.0,0.0,0.564376950263977,1.0,3.0,0.0,2.0,0.0,0.28004884719848633,-0.28616830706596375,143.0,0.0,1.0,225.0,2.0,1.0,0.0,1.0,0
0.08041352033615112,2.0,0.4840394854545593,9.0,1.0,0.5,0.6000000238418579,1.0,0.0,1.0,0.9982154369354248,2.0,1.0,6.0,0.0,0.6661421060562134,-0.5,71.0,0.0,1.0,0.0,1.0,0.0,90.0,1.0,2
0.5907301306724548,8.0,0.07794482260942459,4.0,1.0,0.5,0.5,5.0,0.0,0.6783273220062256,0.565438985824585,0.0,1.0,1.0,1.0,0.1221703588962555,0.5,45.0,0.0,13.0,0.0,2.0,1.0,0.0,1.0,6
0.5863696336746216,3.0,0.250579833984375,0.0,0.0,0.6000000238418579,0.5,4.0,0.0,0.8482369184494019,1.0,0.0,1.0,0.0,1.0,0.12030787765979767,0.0,135.0,0.0,1.0,0.0,2.0,1.0,0.0,1.0,4
0.2804334759712219,3.0,0.45278438925743103,4.0,0.0,0.5,0.5,8.0,0.0,0.62748122215271,0.601662814617157,2.0,1.0,0.0,1.0,0.6221866607666016,0.6197139024734497,180.0,0.0,1.0,135.0,0.0,1.0,0.0,1.0,2
0.1540735363960266,8.0,0.16958609223365784,0.0,0.0,0.5,0.5,1.0,0.0,1.0,0.44633835554122925,1.0,0.0,3.0,2.0,0.28441911935806274,1.0,135.0,0.0,8.0,0.0,0.0,1.0,45.0,0.0,4
0.7635337114334106,4.0,0.22695918381214142,8.0,1.0,0.6000000238418579,0.6000000238418579,2.0,0.0,1.0,0.6850346326828003,2.0,0.0,5.0,0.0,0.3329053819179535,-0.38642534613609314,45.0,0.0,20.0,190.0,1.0,1.0,135.0,1.0,9
0.653454601764679,1.0,0.4099532663822174,5.0,0.0,0.5,0.6000000238418579,6.0,0.0,1.0,1.0,1.0,1.0,0.0,0.0,0.17525874078273773,1.0,270.0,0.0,2.0,0.0,2.0,1.0,0.0,1.0,5
0.5834711790084839,2.0,0.351934552192688,10.0,2.0,0.6000000238418579,0.5,1.0,0.0,0.5248858332633972,1.0,0.0,1.0,6.0,2.0,0.6081876754760742,0.5,90.0,0.24006712436676025,12.0,135.0,0.0,0.0,0.0,1.0,7
0.525135338306427,4.0,0.38385120034217834,3.0,0.0,0.6000000238418579,0.5,2.0,0.0,0.40969133377075195,1.0,3.0,0.0,1.0,2.0,0.3141685724258423,1.0,0.0,0.0,1.0,0.0,2.0,0.0,0.0,1.0,2
0.13619422912597656,3.0,0.09493233263492584,0.0,1.0,0.6000000238418579,0.5,0.0,0.0,0.6815738081932068,1.0,1.0,0.0,2.0,1.0,0.07924622297286987,0.0,180.0,0.20000000298023224,1.0,225.0,1.0,0.0,185.0,1.0,2
0.6692560315132141,2.0,0.029843769967556,0.0,1.0,0.5,0.6000000238418579,2.0,0.0,1.0,0.5505229234695435,2.0,1.0,2.0,0.0,0.9012971520423889,1.0,179.0,0.0,7.0,225.0,0.0,1.0,0.0,1.0,4
0.5218740105628967,3.0,0.2598207890987396,0.0,0.0,0.5,0.5,5.0,0.0,1.0,0.7383608818054199,3.0,1.0,5.0,1.0,0.4455924928188324,-0.5,180.0,0.0,17.0,0.0,2.0,0.0,0.0,1.0,0
0.8850803971290588,4.0,0.07224507629871368,2.0,2.0,0.5,0.6000000238418579,3.0,0.0,0.5250188112258911,1.0,2.0,1.0,3.0,0.0,0.14199569821357727,0.5,180.0,0.0,7.0,0.0,1.0,0.0,0.0,0.0,7
0.1974009871482849,2.0,0.3078535795211792,0.0,0.0,0.5,0.5,1.0,0.0,0.6767996549606323,0.9181692600250244,1.0,1.0,2.0,1.0,0.3056318163871765,0.49546170234680176,270.0,0.0,10.0,0.0,2.0,0.0,0.0,1.0,6
0.36138248443603516,3.0,0.07615703344345093,0.0,1.0,0.6000000238418579,0.6000000238418579,8.0,0.0,1.0,0.47912341356277466,1.0,0.0,1.0,0.0,0.8003630042076111,-0.2465970516204834,180.0,0.0,13.0,0.0,1.0,0.0,0.0,0.0,5
0.9296624660491943,1.0,0.4754783511161804,7.0,2.0,0.5,0.5,3.0,0.0,0.6041082143783569,1.0,2.0,1.0,2.0,2.0,0.30190762877464294,1.0,135.0,0.0,2.0,225.0,2.0,0.0,135.0,1.0,3
0.717615008354187,7.0,0.20096617937088013,4.0,0.0,0.5,0.6000000238418579,5.0,0.0,1.0,0.48130714893341064,1.0,0.0,5.0,1.0,0.7549381256103516,1.0,270.0,0.0,1.0,0.0,1.0,0.0,0.0,0.0,3
0.5496013760566711,1.0,0.1531050205230713,3.0,0.0,0.6000000238418579,0.6000000238418579,7.0,0.0,1.0,0.7353744506835938,2.0,1.0,6.0,0.0,0.10599339008331299,0.0,45.0,0.0,9.0,0.0,0.0,0.0,0.0,1.0,7
0.09585869312286377,1.0,0.2772996127605438,2.0,2.0,0.5,0.5,5.0,0.0,1.0,1.0,3.0,1.0,1.0,1.0,0.3315422534942627,0.5,290.0,0.0,18.0,0.0,1.0,1.0,0.0,1.0,6
0.00705641508102417,4.0,0.3164994418621063,3.0,1.0,0.5,0.5,4.0,0.0,0.7038319706916809,1.0,3.0,0.0,6.0,2.0,0.06803345680236816,0.5,0.0,0.0,1.0,90.0,1.0,1.0,0.0,1.0,2
0.8035531044006348,5.0,0.22132928669452667,9.0,2.0,0.5,0.5,0.0,0.0,0.9810322523117065,0.43790483474731445,3.0,0.0,3.0,1.0,0.28826844692230225,-0.5,217.0,0.0,1.0,315.0,1.0,0.0,0.0,1.0,2
0.22638356685638428,4.0,0.33024805784225464,0.0,1.0,0.6000000238418579,0.5,3.0,0.0,1.0,0.5984033346176147,2.0,0.0,6.0,0.0,0.40593233704566956,0.5,0.0,0.0,5.0,0.0,2.0,0.0,0.0,1.0,5
0.007008612155914307,3.0,0.1336461752653122,0.0,0.0,0.5,0.6000000238418579,1.0,0.0,1.0,1.0,1.0,1.0,0.0,0.0,0.4276200532913208,0.0,0.0,0.0,1.0,315.0,2.0,0.0,0.0,0.0,0
0.26285821199417114,1.0,0.22051428258419037,4.0,0.0,0.5,0.5,1.0,0.0,1.0,0.8307375311851501,3.0,1.0,3.0,0.0,0.309192031621933,0.5,0.0,0.0,3.0,0.0,2.0,0.0,0.0,1.0,2
0.9756993055343628,3.0,0.318816214799881,0.0,2.0,0.5,0.6000000238418579,4.0,0.0,1.0,0.7636370658874512,3.0,1.0,4.0,2.0,0.2607973515987396,-0.5,204.0,0.4000000059604645,9.0,135.0,2.0,0.0,45.0,1.0,0
0.25985950231552124,3.0,0.15319916605949402,0.0,1.0,0.6000000238418579,0.5,7.0,0.0,0.742214560508728,0.5978365540504456,1.0,0.0,0.0,1.0,0.28239819407463074,0.8888201713562012,0.0,0.4000000059604645,15.0,0.0,1.0,0.0,90.0,1.0,3
0.3773379921913147,3.0,0.04506217688322067,0.0,0.0,0.5,0.6000000238418579,3.0,0.0,1.0,0.691765546798706,3.0,0.0,4.0,2.0,0.29913315176963806,-0.042373210191726685,0.0,0.30000001192092896,1.0,0.0,2.0,0.0,0.0,1.0,0
0.706835150718689,3.0,0.1869499385356903,0.0,1.0,0.5,0.5,0.0,0.0,0.7289172410964966,1.0,3.0,1.0,6.0,0.0,0.6033545732498169,1.0,180.0,0.0,1.0,180.0,1.0,1.0,135.0,1.0,4
0.12373143434524536,2.0,0.47462642192840576,0.0,1.0,0.6000000238418579,0.5,3.0,0.0,1.0,0.5453708171844482,0.0,1.0,3.0,1.0,0.6476759910583496,1.0,0.0,0.4000000059604645,1.0,0.0,0.0,1.0,0.0,1.0,3
0.49804776906967163,2.0,0.06490539014339447,6.0,1.0,0.5,0.5,0.0,0.0,1.0,0.49893391132354736,0.0,1.0,2.0,0.0,0.17086587846279144,1.0,0.0,0.30000001192092896,1.0,180.0,0.0,1.0,0.0,1.0,2
0.2674174904823303,1.0,0.19537128508090973,8.0,0.0,0.5,0.6000000238418579,4.0,0.0,0.5535321235656738,0.7523753643035889,3.0,0.0,3.0,0.0,0.22592280805110931,0.9590485095977783,180.0,0.0,1.0,225.0,2.0,1.0,0.0,0.0,3
0.29210251569747925,3.0,0.2257339060306549,6.0,0.0,0.6000000238418579,0.6000000238418579,2.0,0.0,0.7923828363418579,0.7029663324356079,3.0,0.0,6.0,0.0,0.9671692848205566,0.0,0.0,0.30000001192092896,16.0,135.0,1.0,0.0,45.0,0.0,5
0.44908344745635986,3.0,0.11750506609678268,0.0,2.0,0.5,0.6000000238418579,6.0,0.0,1.0,1.0,3.0,0.0,4.0,2.0,0.8906989097595215,0.0,0.0,0.0,1.0,180.0,2.0,0.0,171.0,1.0,0
0.6722560524940491,7.0,0.49229753017425537,0.0,0.0,0.5,0.5,0.0,0.0,1.0,0.40784475207328796,3.0,1.0,2.0,1.0,0.5600138902664185,-0.5,270.0,0.0,3.0,116.0,0.0,1.0,45.0,1.0,3
0.39576518535614014,8.0,0.4993225634098053,9.0,1.0,0.5,0.5,3.0,0.0,1.0,0.6326024532318115,0.0,0.0,0.0,0.0,0.7861875295639038,-0.5,45.0,0.10000000149011612,1.0,135.0,0.0,0.0,0.0,1.0,0
0.6075063943862915,4.0,0.45183050632476807,5.0,2.0,0.5,0.6000000238418579,4.0,0.0,1.0,1.0,1.0,1.0,1.0,0.0,0.6693891882896423,1.0,0.0,0.0,1.0,180.0,0.0,1.0,1.0,1.0,3
0.969828188419342,4.0,0.2547384202480316,4.0,1.0,0.5,0.5,5.0,0.0,1.0,1.0,0.0,1.0,1.0,1.0,0.1961066573858261,-0.5,315.0,0.5,10.0,0.0,0.0,1.0,135.0,0.0,5
0.7144644260406494,7.0,0.3470771014690399,0.0,1.0,0.6000000238418579,0.5,6.0,0.0,0.6659308075904846,1.0,2.0,0.0,1.0,0.0,0.9239017367362976,1.0,180.0,0.0,1.0,0.0,1.0,1.0,135.0,1.0,4
0.26872944831848145,1.0,0.19539080560207367,8.0,0.0,0.6000000238418579,0.5,1.0,0.0,1.0,0.8207079172134399,2.0,1.0,2.0,2.0,0.4230356216430664,0.0,180.0,0.0,3.0,45.0,0.0,0.0,90.0,1.0,0
0.8200063705444336,4.0,0.35338881611824036,0.0,1.0,0.6000000238418579,0.6000000238418579,0.0,0.0,0.6539229154586792,0.5358648300170898,1.0,1.0,6.0,2.0,0.13179990649223328,-0.5,45.0,0.0,1.0,180.0,2.0,0.0,0.0,0.0,1
0.2755604386329651,1.0,0.05453740060329437,0.0,1.0,0.6000000238418579,0.6000000238418579,0.0,0.0,0.4707362651824951,1.0,1.0,1.0,5.0,1.0,0.9198886752128601,-0.5,180.0,0.0,2.0,135.0,2.0,1.0,0.0,1.0,0
0.3247078061103821,3.0,0.36678051948547363,6.0,1.0,0.5,0.5,2.0,0.0,1.0,0.8254188895225525,1.0,0.0,5.0,2.0,0.7916478514671326,0.0,151.0,0.0,1.0,0.0,0.0,1.0,0.0,1.0,3
0.5603719353675842,4.0,0.38996633887290955,6.0,2.0,0.5,0.5,2.0,0.0,1.0,1.0,2.0,1.0,6.0,1.0,0.8485382199287415,0.5,270.0,0.4000000059604645,1.0,135.0,1.0,0.0,0.0,1.0,2
0.8670584559440613,2.0,0.06683492660522461,0.0,1.0,0.6000000238418579,0.5,1.0,0.0,0.8817838430404663,0.9853224754333496,0.0,0.0,2.0,1.0,0.21764715015888214,0.0,315.0,0.0,1.0,0.0,0.0,1.0,0.0,1.0,3
0.5322794318199158,8.0,0.1575884371995926,3.0,1.0,0.5,0.5,0.0,0.0,1.0,0.6696999073028564,3.0,0.0,4.0,2.0,0.7905858159065247,-0.0018352866172790527,180.0,0.10000000149011612,1.0,0.0,2.0,1.0,0.0,1.0,0
0.7884588241577148,6.0,0.4350104331970215,3.0,0.0,0.6000000238418579,0.6000000238418579,5.0,0.0,1.0,1.0,1.0,0.0,0.0,1.0,0.10460728406906128,-0.5,180.0,0.0,4.0,0.0,2.0,1.0,0.0,1.0,3
0.7423502206802368,4.0,0.10848871618509293,0.0,2.0,0.5,0.5,0.0,0.0,0.6671607494354248,0.48131969571113586,0.0,0.0,5.0,1.0,0.3352817893028259,0.0,90.0,0.0,4.0,270.0,2.0,0.0,0.0,0.0,0
0.8989977240562439,4.0,0.35335296392440796,0.0,0.0,0.6000000238418579,0.5,7.0,0.0,0.9266523122787476,0.7705593109130859,1.0,0.0,2.0,0.0,0.8075646162033081,-0.24270454049110413,45.0,0.0,1.0,135.0,2.0,0.0,0.0,1.0,0
0.7372717261314392,7.0,0.43999263644218445,0.0,2.0,0.5,0.6000000238418579,7.0,0.0,0.5777407884597778,0.7364377975463867,0.0,0.0,1.0,1.0,0.5695933103561401,0.0,0.0,0.0,7.0,0.0,1.0,0.0,0.0,1.0,3
0.04401087760925293,1.0,0.32527774572372437,4.0,2.0,0.5,0.5,5.0,0.0,1.0,1.0,2.0,0.0,3.0,2.0,0.7610493302345276,0.5,0.0,0.0,2.0,0.0,2.0,1.0,0.0,1.0,0
0.9638007283210754,3.0,0.4924139380455017,9.0,1.0,0.5,0.5,3.0,0.0,1.0,1.0,2.0,0.0,0.0,0.0,0.5454208254814148,1.0,45.0,0.5,1.0,0.0,0.0,0.0,45.0,0.0,3
0.9714213609695435,3.0,0.3323107063770294,0.0,2.0,0.5,0.5,2.0,0.0,1.0,1.0,3.0,1.0,3.0,1.0,0.5630016922950745,-0.5,0.0,0.0,4.0,73.0,0.0,0.0,0.0,1.0,3
0.22399425506591797,2.0,0.25537222623825073,0.0,1.0,0.5,0.5,5.0,0.0,0.8463244438171387,1.0,3.0,1.0,3.0,1.0,0.5489633083343506,0.5942226648330688,180.0,0.10000000149011612,1.0,0.0,0.0,1.0,0.0,0.0,3
0.9998605847358704,1.0,0.090677410364151,5.0,1.0,0.6000000238418579,0.6000000238418579,5.0,0.0,1.0,1.0,2.0,1.0,2.0,2.0,0.7983354926109314,-0.30659011006355286,135.0,0.0,5.0,0.0,1.0,0.0,0.0,1.0,4
0.18122142553329468,2.0,0.14201503992080688,9.0,0.0,0.5,0.6000000238418579,3.0,0.0,0.4293851852416992,1.0,1.0,1.0,3.0,2.0,0.2972310185432434,0.13239681720733643,0.0,0.0,4.0,56.0,0.0,0.0,0.0,1.0,5
0.9875712394714355,7.0,0.05496292561292648,9.0,0.0,0.6000000238418579,0.6000000238418579,5.0,0.0,0.7743332982063293,1.0,0.0,1.0,1.0,0.0,0.7271512746810913,0.0,315.0,0.0,10.0,0.0,0.0,1.0,0.0,1.0,6
0.4169567823410034,3.0,0.2116984874010086,7.0,0.0,0.6000000238418579,0.5,5.0,0.0,0.7255008816719055,0.40018579363822937,2.0,0.0,3.0,1.0,0.1367078274488449,0.5,0.0,0.4000000059604645,1.0,0.0,1.0,1.0,164.0,1.0,4
0.10209089517593384,1.0,0.09939708560705185,0.0,2.0,0.6000000238418579,0.5,7.0,0.0,0.6828858852386475,1.0,1.0,1.0,4.0,2.0,0.21259687840938568,-0.5,90.0,0.0,14.0,270.0,1.0,0.0,0.0,1.0,0
0.5383546352386475,4.0,0.49390503764152527,0.0,2.0,0.5,0.6000000238418579,1.0,0.0,0.5197054147720337,0.6325005292892456,1.0,0.0,6.0,2.0,0.9691612720489502,0.0,270.0,0.0,1.0,45.0,1.0,0.0,135.0,1.0,3
0.890717089176178,3.0,0.3628769814968109,9.0,0.0,0.5,0.5,7.0,0.0,0.6403734087944031,0.4775407910346985,1.0,0.0,1.0,2.0,0.6133772730827332,-0.5,180.0,0.0,1.0,180.0,2.0,0.0,0.0,1.0,0
0.8366049528121948,3.0,0.2883983254432678,0.0,0.0,0.5,0.6000000238418579,2.0,0.0,0.5832892656326294,1.0,2.0,1.0,6.0,1.0,0.5296012163162231,0.5,0.0,0.0,1.0,0.0,2.0,1.0,0.0,1.0,0
0.1517537236213684,1.0,0.2438374012708664,0.0,0.0,0.5,0.5,2.0,0.0,0.5801578760147095,1.0,3.0,0.0,4.0,2.0,0.3659123182296753,-0.5,0.0,0.0,10.0,180.0,0.0,0.0,0.0,1.0,3
0.9960700869560242,3.0,0.4555039405822754,0.0,2.0,0.5,0.6000000238418579,5.0,0.0,0.8335591554641724,0.9260337352752686,3.0,1.0,4.0,1.0,0.7413870692253113,-0.5,0.0,0.0,11.0,180.0,0.0,1.0,0.0,1.0,3
0.10653871297836304,1.0,0.031080560758709908,0.0,1.0,0.6000000238418579,0.5,5.0,0.0,1.0,0.8388335704803467,3.0,1.0,1.0,2.0,0.9311427474021912,0.0,180.0,0.30000001192092896,1.0,180.0,0.0,1.0,0.0,1.0,2
0.35420316457748413,3.0,0.43262672424316406,0.0,2.0,0.5,0.5,1.0,0.0,1.0,1.0,1.0,1.0,6.0,1.0,0.9734832048416138,0.6810480356216431,315.0,0.0,9.0,0.0,1.0,0.0,0.0,1.0,2
0.37225282192230225,4.0,0.21223169565200806,9.0,0.0,0.5,0.6000000238418579,0.0,0.0,0.6336994171142578,0.6310219168663025,1.0,0.0,3.0,1.0,0.7809856534004211,-0.5,225.0,0.0,1.0,0.0,1.0,0.0,0.0,1.0,2
0.21224737167358398,1.0,0.12978368997573853,0.0,1.0,0.5,0.6000000238418579,7.0,0.0,1.0,1.0,3.0,1.0,2.0,2.0,0.4748629331588745,1.0,180.0,0.0,5.0,180.0,1.0,1.0,0.0,1.0,2
0.23550951480865479,1.0,0.11259834468364716,6.0,2.0,0.6000000238418579,0.5,2.0,0.0,1.0,1.0,0.0,1.0,3.0,2.0,0.699437141418457,0.0,180.0,0.10000000149011612,4.0,0.0,0.0,0.0,0.0,0.0,2
0.6967170238494873,5.0,0.3291507363319397,6.0,2.0,0.6000000238418579,0.5,2.0,0.0,1.0,0.738294243812561,0.0,0.0,3.0,2.0,0.9610611796379089,0.0,0.0,0.7957878112792969,1.0,0.0,2.0,1.0,0.0,1.0,0
0.7267265915870667,1.0,0.3505440950393677,0.0,0.0,0.5,0.5,5.0,0.0,1.0,0.6581982374191284,3.0,1.0,3.0,1.0,0.9233241081237793,1.0,180.0,0.8986924290657043,10.0,0.0,1.0,0.0,135.0,1.0,0
0.6716590523719788,3.0,0.4080691933631897,0.0,1.0,0.5,0.6000000238418579,2.0,0.0,1.0,1.0,2.0,1.0,5.0,0.0,0.32787519693374634,0.0,0.0,0.10000000149011612,5.0,0.0,1.0,0.0,0.0,1.0,7
0.9952786564826965,3.0,0.3732665181159973,0.0,1.0,0.6000000238418579,0.5,8.0,0.0,1.0,1.0,3.0,1.0,0.0,2.0,0.09770436584949493,1.0,0.0,0.20000000298023224,12.0,180.0,1.0,1.0,45.0,1.0,8
0.20169663429260254,2.0,0.23273351788520813,10.0,2.0,0.5,0.6000000238418579,5.0,0.0,0.9152133464813232,0.7110997438430786,0.0,1.0,4.0,1.0,0.7672135829925537,0.5,90.0,0.0,1.0,0.0,0.0,0.0,0.0,0.0,3
0.4854309558868408,6.0,0.2813114523887634,0.0,2.0,0.6000000238418579,0.5,4.0,0.0,1.0,1.0,1.0,0.0,4.0,0.0,0.32091525197029114,1.0,225.0,0.0,4.0,135.0,2.0,0.0,45.0,1.0,5
0.0658532977104187,8.0,0.3197827935218811,0.0,0.0,0.5,0.5,6.0,0.0,0.7837778329849243,0.517284631729126,0.0,0.0,3.0,0.0,0.41009458899497986,0.0,0.0,0.0,3.0,0.0,1.0,0.0,90.0,0.0,5
0.4130544066429138,4.0,0.09460265189409256,0.0,2.0,0.5,0.6000000238418579,6.0,0.0,1.0,1.0,1.0,1.0,3.0,1.0,0.7042704820632935,0.5,180.0,0.0,13.0,0.0,0.0,1.0,0.0,1.0,4
0.8221589922904968,1.0,0.029684629291296005,4.0,1.0,0.5,0.5,4.0,0.0,1.0,1.0,2.0,0.0,5.0,0.0,0.3217919170856476,0.5,180.0,0.0,12.0,135.0,0.0,0.0,0.0,1.0,6
0.043122053146362305,3.0,0.47387462854385376,5.0,1.0,0.6000000238418579,0.5,4.0,0.0,1.0,1.0,2.0,0.0,2.0,0.0,0.8214054107666016,0.6054253578186035,0.0,0.0,1.0,180.0,2.0,0.0,90.0,0.0,0
0.9230368137359619,2.0,0.16691173613071442,7.0,0.0,0.5,0.5,4.0,0.0,1.0,0.8018685579299927,2.0,1.0,6.0,0.0,0.7241293787956238,-0.5,315.0,0.30000001192092896,2.0,225.0,0.0,0.0,0.0,1.0,6
0.267986536026001,2.0,0.4113982021808624,0.0,1.0,0.5,0.5,7.0,0.0,1.0,1.0,0.0,1.0,6.0,1.0,0.2722712755203247,0.5,0.0,0.0,12.0,0.0,2.0,1.0,75.0,1.0,6
0.3814711570739746,4.0,0.3063552975654602,7.0,1.0,0.5,0.6000000238418579,3.0,0.0,1.0,1.0,2.0,0.0,6.0,0.0,0.21992401778697968,0.0,90.0,0.0,1.0,0.0,2.0,0.0,88.0,1.0,0
0.9864391088485718,2.0,0.15488743782043457,5.0,1.0,0.6000000238418579,0.5,2.0,0.0,0.8672847747802734,1.0,3.0,1.0,0.0,2.0,0.5367769598960876,-0.5,0.0,0.0,1.0,270.0,2.0,1.0,0.0,1.0,0
0.4879574179649353,3.0,0.05430879443883896,2.0,0.0,0.6000000238418579,0.5,6.0,0.0,0.8852710723876953,0.9845339059829712,0.0,0.0,5.0,2.0,0.39457762241363525,0.5,45.0,0.0,2.0,180.0,1.0,0.0,45.0,1.0,6
0.7835494875907898,4.0,0.1562548279762268,0.0,1.0,0.5,0.6000000238418579,3.0,0.0,0.7979568839073181,0.6452856659889221,2.0,0.0,6.0,1.0,0.09308019280433655,0.5,0.0,0.0,3.0,0.0,0.0,0.0,0.0,1.0,7
0.07823264598846436,2.0,0.23013325035572052,0.0,1.0,0.5,0.6000000238418579,0.0,0.0,0.6714246273040771,0.8819624185562134,3.0,0.0,5.0,2.0,0.1198166012763977,-0.5,0.0,0.0,4.0,120.0,1.0,1.0,45.0,1.0,8
0.4112873077392578,1.0,0.05910315364599228,0.0,0.0,0.5,0.5,2.0,0.0,0.6167178750038147,1.0,2.0,1.0,2.0,0.0,0.3755262792110443,0.5,270.0,0.0,1.0,253.0,0.0,0.0,0.0,1.0,3
0.8517873287200928,3.0,0.42693713307380676,6.0,2.0,0.6000000238418579,0.5,3.0,0.0,0.4210239350795746,0.9080859422683716,1.0,1.0,1.0,2.0,0.9345802664756775,0.5,0.0,0.30000001192092896,1.0,0.0,1.0,0.0,90.0,1.0,2
0.5699247717857361,4.0,0.32217690348625183,0.0,2.0,0.6000000238418579,0.5,4.0,0.0,1.0,1.0,2.0,1.0,4.0,1.0,0.2472359538078308,-0.5,270.0,0.0,17.0,0.0,2.0,1.0,0.0,1.0,0
0.24115872383117676,2.0,0.270715594291687,0.0,2.0,0.5,0.6000000238418579,2.0,0.0,0.9634848833084106,1.0,0.0,1.0,4.0,2.0,0.2280578911304474,-0.4869103729724884,45.0,0.0,12.0,0.0,1.0,0.0,0.0,1.0,8
0.49022042751312256,4.0,0.10377249121665955,0.0,2.0,0.5,0.5,2.0,0.0,0.814745306968689,1.0,1.0,1.0,0.0,0.0,0.36234140396118164,-0.5,22.0,0.0,3.0,47.0,0.0,0.0,0.0,1.0,7
0.3320053815841675,2.0,0.3640598654747009,0.0,0.0,0.5,0.6000000238418579,7.0,0.0,1.0,0.7106633186340332,1.0,1.0,2.0,0.0,0.24987369775772095,1.0,0.0,0.30000001192092896,1.0,270.0,2.0,0.0,0.0,1.0,4
0.8163841962814331,2.0,0.1432192176580429,0.0,0.0,0.5,0.5,0.0,0.0,0.8504653573036194,0.7396223545074463,1.0,0.0,2.0,1.0,0.7928704023361206,0.0,180.0,0.0,9.0,0.0,2.0,1.0,0.0,1.0,0
0.3339627981185913,3.0,0.3172149360179901,0.0,0.0,0.5,0.6000000238418579,8.0,0.0,1.0,0.8776047229766846,2.0,1.0,3.0,2.0,0.1724206805229187,-0.5,0.0,0.0,1.0,0.0,2.0,0.0,0.0,0.0,0
0.28982388973236084,1.0,0.48665234446525574,5.0,2.0,0.6000000238418579,0.5,5.0,0.0,1.0,0.5841028094291687,1.0,1.0,0.0,2.0,0.9452797174453735,1.0,117.0,0.0,9.0,0.0,0.0,1.0,0.0,1.0,4
0.1022803783416748,3.0,0.24148505926132202,7.0,1.0,0.6000000238418579,0.5,8.0,0.0,0.8764346837997437,1.0,3.0,0.0,6.0,2.0,0.18034248054027557,1.0,270.0,0.0,3.0,0.0,0.0,0.0,0.0,1.0,5
0.9909976124763489,4.0,0.472586989402771,0.0,2.0,0.6000000238418579,0.5,4.0,0.0,1.0,0.76045823097229,0.0,1.0,4.0,0.0,0.4813731014728546,0.0,0.0,0.10000000149011612,1.0,0.0,2.0,0.0,0.0,1.0,0
0.04146510362625122,1.0,0.1727428138256073,4.0,0.0,0.6000000238418579,0.5,3.0,0.0,1.0,0.6573822498321533,1.0,0.0,5.0,2.0,0.6616573333740234,0.5,180.0,0.0,1.0,0.0,2.0,0.0,0.0,1.0,0
0.6690967679023743,4.0,0.07515442371368408,4.0,2.0,0.6000000238418579,0.6000000238418579,0.0,0.0,0.5892702341079712,0.7393779158592224,1.0,1.0,0.0,0.0,0.7443404793739319,1.0,28.0,0.30000001192092896,17.0,0.0,1.0,1.0,0.0,0.0,4
0.1760593056678772,7.0,0.1024632528424263,0.0,2.0,0.5,0.5,8.0,0.0,0.8706533908843994,1.0,1.0,0.0,4.0,0.0,0.24329569935798645,0.15164446830749512,45.0,0.0,4.0,90.0,2.0,1.0,0.0,1.0,1
0.9789873957633972,1.0,0.0715855211019516,0.0,2.0,0.6000000238418579,0.5,7.0,0.0,0.5512068271636963,1.0,1.0,0.0,3.0,0.0,0.31306344270706177,-0.5,270.0,0.0,1.0,314.0,1.0,1.0,0.0,1.0,3
0.8277387022972107,3.0,0.15717831254005432,9.0,1.0,0.5,0.6000000238418579,0.0,0.0,1.0,0.8476547002792358,0.0,1.0,5.0,0.0,0.3949185609817505,-0.5,135.0,0.0,1.0,180.0,2.0,0.0,0.0,1.0,0
0.27689480781555176,2.0,0.2074362188577652,6.0,1.0,0.5,0.6000000238418579,1.0,0.0,1.0,0.7646673917770386,1.0,1.0,6.0,0.0,0.2851393222808838,0.0,0.0,0.30000001192092896,3.0,0.0,1.0,0.0,0.0,1.0,5
0.9920408725738525,8.0,0.3268236815929413,0.0,2.0,0.5,0.6000000238418579,8.0,0.0,0.6791003942489624,0.6570919752120972,1.0,0.0,6.0,0.0,0.5635634064674377,0.5,0.0,0.0,3.0,180.0,1.0,1.0,0.0,1.0,4
0.7228534817695618,4.0,0.06395870447158813,0.0,1.0,0.6000000238418579,0.6000000238418579,7.0,0.0,1.0,1.0,1.0,0.0,2.0,2.0,0.25801748037338257,1.0,0.0,0.0,14.0,74.0,0.0,1.0,0.0,1.0,7
0.025029659271240234,6.0,0.27203163504600525,0.0,1.0,0.6000000238418579,0.6000000238418579,4.0,0.0,0.7691400647163391,1.0,0.0,0.0,2.0,2.0,0.35770633816719055,1.0,270.0,0.0,9.0,225.0,2.0,0.0,45.0,1.0,7
0.0630866289138794,2.0,0.49386274814605713,0.0,1.0,0.6000000238418579,0.6000000238418579,5.0,0.0,1.0,1.0,0.0,1.0,0.0,1.0,0.17614711821079254,0.5528006553649902,180.0,0.0,2.0,0.0,1.0,1.0,0.0,1.0,6
0.0760650634765625,2.0,0.42509421706199646,2.0,2.0,0.6000000238418579,0.5,5.0,0.0,1.0,0.7993175387382507,2.0,1.0,6.0,2.0,0.4017346501350403,1.0,0.0,0.5,1.0,0.0,2.0,1.0,45.0,1.0,6
0.3381662368774414,2.0,0.43261969089508057,0.0,0.0,0.5,0.6000000238418579,7.0,0.0,1.0,1.0,0.0,1.0,5.0,1.0,0.31152427196502686,-0.5,180.0,0.0,4.0,0.0,1.0,1.0,266.0,1.0,7
0.6963542699813843,3.0,0.47341349720954895,3.0,2.0,0.6000000238418579,0.5,0.0,0.0,1.0,1.0,3.0,0.0,4.0,2.0,0.6113174557685852,-0.5,32.0,0.0,8.0,0.0,0.0,1.0,0.0,1.0,8
0.016955077648162842,6.0,0.18253085017204285,9.0,0.0,0.6000000238418579,0.5,1.0,0.0,1.0,0.546587347984314,2.0,1.0,2.0,1.0,0.8026365637779236,0.24044954776763916,90.0,0.4459882974624634,14.0,135.0,0.0,1.0,169.0,0.0,4
0.12328362464904785,2.0,0.18377189338207245,0.0,2.0,0.5,0.6000000238418579,4.0,0.0,1.0,1.0,3.0,0.0,6.0,1.0,0.1646748036146164,-0.5,180.0,0.1696033477783203,16.0,0.0,2.0,0.0,316.0,0.0,0
0.056329309940338135,8.0,0.07233891636133194,8.0,1.0,0.6000000238418579,0.5,1.0,0.0,1.0,1.0,2.0,1.0,0.0,2.0,0.2768065929412842,0.0,0.0,0.0,11.0,180.0,1.0,0.0,0.0,1.0,4
0.740532636642456,4.0,0.44242286682128906,0.0,0.0,0.6000000238418579,0.6000000238418579,2.0,0.0,0.7213484048843384,0.6171873807907104,0.0,1.0,6.0,2.0,0.5947455167770386,1.0,315.0,0.0,4.0,45.0,0.0,1.0,45.0,1.0,5
0.38668280839920044,4.0,0.39515936374664307,2.0,1.0,0.6000000238418579,0.5,8.0,0.0,0.666618824005127,0.9656476974487305,0.0,1.0,3.0,1.0,0.6809341311454773,1.0,110.0,0.0,1.0,90.0,0.0,0.0,0.0,1.0,2
0.21396851539611816,2.0,0.4971133768558502,8.0,0.0,0.6000000238418579,0.6000000238418579,4.0,0.0,0.7256278991699219,0.8354438543319702,0.0,0.0,6.0,2.0,0.12725330889225006,-0.5,180.0,0.0,1.0,315.0,1.0,0.0,0.0,1.0,2
0.32321250438690186,1.0,0.4997321665287018,8.0,0.0,0.5,0.5,0.0,0.0,0.9074679613113403,1.0,1.0,1.0,5.0,0.0,0.745635986328125,-0.5,256.0,0.0,1.0,0.0,0.0,1.0,0.0,1.0,5
0.8033219575881958,4.0,0.13714838027954102,0.0,1.0,0.5,0.5,0.0,0.0,1.0,1.0,2.0,0.0,4.0,0.0,0.6396712064743042,0.0,0.0,0.0,1.0,135.0,0.0,1.0,0.0,1.0,6
0.40298497676849365,4.0,0.10443858057260513,0.0,2.0,0.5,0.5,0.0,0.0,0.8340521454811096,1.0,1.0,0.0,5.0,1.0,0.4077852666378021,-0.5,315.0,0.29608291387557983,2.0,0.0,0.0,1.0,0.0,1.0,7
0.3496449589729309,3.0,0.43649822473526,4.0,1.0,0.5,0.6000000238418579,2.0,0.0,1.0,0.9255660772323608,2.0,1.0,0.0,1.0,0.1660846322774887,0.0,45.0,0.0,3.0,225.0,1.0,1.0,0.0,0.0,7
0.14778441190719604,1.0,0.23685987293720245,6.0,0.0,0.5,0.6000000238418579,7.0,0.0,0.6866644620895386,0.7592911720275879,0.0,1.0,2.0,2.0,0.5164481401443481,0.950229287147522,315.0,0.4000000059604645,1.0,45.0,2.0,1.0,0.0,1.0,1
0.4385488033294678,1.0,0.4627262055873871,0.0,2.0,0.6000000238418579,0.5,7.0,0.0,0.44221657514572144,0.6932991147041321,0.0,0.0,5.0,2.0,0.8729525804519653,0.937389612197876,0.0,0.0,1.0,180.0,1.0,0.0,0.0,1.0,2
0.25274187326431274,5.0,0.2572126090526581,6.0,2.0,0.5,0.6000000238418579,5.0,0.0,0.5121260285377502,0.73752361536026,1.0,0.0,2.0,1.0,0.1972196102142334,0.8001165390014648,180.0,0.10000000149011612,2.0,270.0,0.0,0.0,0.0,0.0,4
0.23922419548034668,3.0,0.10451418906450272,0.0,2.0,0.5,0.6000000238418579,7.0,0.0,0.6450781226158142,1.0,1.0,1.0,3.0,1.0,0.6807678937911987,-0.5,161.0,0.20000000298023224,19.0,180.0,0.0,1.0,0.0,1.0,5
0.7007454633712769,1.0,0.17399261891841888,0.0,1.0,0.5,0.5,2.0,0.0,1.0,0.48119881749153137,0.0,1.0,4.0,2.0,0.8999578356742859,0.0,135.0,0.0,17.0,0.0,0.0,0.0,0.0,1.0,4
0.5192422270774841,3.0,0.2816752791404724,0.0,2.0,0.5,0.6000000238418579,4.0,0.0,1.0,1.0,2.0,1.0,6.0,0.0,0.3566150367259979,1.0,0.0,0.0,11.0,0.0,2.0,0.0,0.0,0.0,5
0.3026321530342102,7.0,0.46016183495521545,4.0,0.0,0.6000000238418579,0.6000000238418579,0.0,0.0,0.9057817459106445,0.9967892169952393,3.0,1.0,2.0,0.0,0.504916250705719,-0.5,212.0,0.0,1.0,0.0,1.0,1.0,0.0,1.0,6
0.33513641357421875,1.0,0.30154240131378174,8.0,1.0,0.5,0.6000000238418579,1.0,0.0,1.0,1.0,1.0,0.0,1.0,2.0,0.9026272892951965,0.5,330.0,0.9116253852844238,18.0,0.0,2.0,0.0,0.0,1.0,0
0.16316062211990356,4.0,0.0782107263803482,7.0,0.0,0.6000000238418579,0.6000000238418579,2.0,0.0,0.8070393800735474,0.649083137512207,3.0,0.0,1.0,2.0,0.7622748017311096,0.6454001665115356,180.0,0.0,13.0,0.0,0.0,0.0,0.0,1.0,2
0.8987665176391602,6.0,0.15339919924736023,8.0,0.0,0.5,0.5,4.0,0.0,1.0,1.0,0.0,0.0,4.0,2.0,0.2653416693210602,0.5,0.0,0.0,16.0,270.0,2.0,1.0,0.0,1.0,6
0.5727652907371521,4.0,0.03354116901755333,0.0,2.0,0.5,0.5,3.0,0.0,0.5492140650749207,0.49938642978668213,1.0,0.0,3.0,2.0,0.9900690317153931,0.5,135.0,0.0,3.0,45.0,0.0,1.0,0.0,1.0,4
0.11946326494216919,5.0,0.42150938510894775,3.0,1.0,0.5,0.5,7.0,0.0,0.831170916557312,1.0,2.0,0.0,0.0,1.0,0.29095256328582764,-0.18916961550712585,315.0,0.10000000149011612,4.0,0.0,1.0,1.0,193.0,0.0,7
0.825092077255249,1.0,0.4145030975341797,8.0,0.0,0.6000000238418579,0.5,1.0,0.0,0.624370813369751,0.9273186922073364,3.0,1.0,4.0,1.0,0.35551828145980835,-0.5,0.0,0.0,6.0,180.0,1.0,0.0,0.0,0.0,8
0.3219541311264038,4.0,0.05285488814115524,0.0,1.0,0.5,0.6000000238418579,2.0,0.0,1.0,0.45023787021636963,2.0,0.0,3.0,0.0,0.6514638066291809,-0.5,0.0,0.5,7.0,0.0,2.0,1.0,0.0,1.0,0
0.4603145122528076,1.0,0.1274179071187973,0.0,0.0,0.5,0.5,7.0,0.0,0.7369256615638733,1.0,1.0,0.0,3.0,0.0,0.6647515296936035,0.0,45.0,0.0,3.0,225.0,1.0,0.0,0.0,0.0,6
0.640070915222168,3.0,0.24347235262393951,7.0,0.0,0.5,0.6000000238418579,6.0,0.0,1.0,0.8639862537384033,1.0,0.0,1.0,0.0,0.16673898696899414,-0.5,315.0,0.0,1.0,0.0,2.0,0.0,0.0,1.0,0
0.434232234954834,1.0,0.03492220863699913,7.0,2.0,0.6000000238418579,0.5,0.0,0.0,1.0,0.7420436143875122,2.0,0.0,3.0,1.0,0.6359325051307678,-0.5,180.0,0.5,4.0,320.0,2.0,0.0,0.0,1.0,0
0.5862381458282471,1.0,0.040609996765851974,9.0,2.0,0.5,0.6000000238418579,4.0,0.0,0.8021138906478882,1.0,0.0,0.0,5.0,0.0,0.2974506616592407,1.0,0.0,0.0,17.0,0.0,2.0,1.0,0.0,0.0,6
0.7131496667861938,4.0,0.28929880261421204,4.0,0.0,0.6000000238418579,0.6000000238418579,2.0,0.0,0.9047821760177612,0.4461153745651245,3.0,1.0,6.0,2.0,0.1807825118303299,0.0,0.0,0.5,1.0,0.0,1.0,0.0,0.0,0.0,4
0.29674285650253296,1.0,0.42459338903427124,7.0,1.0,0.5,0.6000000238418579,5.0,0.0,1.0,1.0,0.0,1.0,5.0,0.0,0.8339275121688843,0.5,45.0,0.0,17.0,180.0,2.0,1.0,0.0,1.0,0
0.7945365905761719,3.0,0.12468310445547104,4.0,2.0,0.5,0.5,5.0,0.0,1.0,0.791121244430542,3.0,0.0,3.0,1.0,0.9195021986961365,-0.3890339732170105,45.0,0.5,19.0,90.0,0.0,1.0,0.0,1.0,5
0.9527854919433594,1.0,0.10651174932718277,9.0,2.0,0.5,0.6000000238418579,4.0,0.0,1.0,1.0,3.0,0.0,4.0,0.0,0.6059001684188843,0.5,295.0,0.0,2.0,90.0,2.0,1.0,0.0,1.0,0
0.6534698605537415,5.0,0.3442569673061371,0.0,2.0,0.5,0.6000000238418579,6.0,0.0,1.0,0.6009633541107178,2.0,1.0,0.0,1.0,0.5540912747383118,0.0,270.0,0.0,1.0,72.0,2.0,0.0,0.0,1.0,0
0.8773125410079956,5.0,0.2778357267379761,7.0,0.0,0.5,0.5,4.0,0.0,1.0,1.0,1.0,0.0,3.0,0.0,0.83814537525177,-0.4454782009124756,180.0,0.0,11.0,270.0,1.0,1.0,0.0,1.0,6
0.6148561835289001,4.0,0.23854033648967743,0.0,1.0,0.5,0.6000000238418579,8.0,0.0,0.7606534957885742,0.50409996509552,1.0,0.0,6.0,0.0,0.5750672817230225,-0.5,180.0,0.0,1.0,180.0,1.0,0.0,0.0,1.0,4
0.8076295852661133,4.0,0.13141083717346191,0.0,2.0,0.5,0.5,7.0,0.0,1.0,0.6720294952392578,2.0,0.0,6.0,1.0,0.22702868282794952,0.4937441349029541,270.0,0.10000000149011612,1.0,0.0,1.0,1.0,0.0,1.0,5
0.651436448097229,1.0,0.03200332075357437,0.0,1.0,0.5,0.6000000238418579,8.0,0.0,0.7675337791442871,1.0,1.0,1.0,1.0,2.0,0.22658243775367737,0.0,0.0,0.0,13.0,315.0,2.0,1.0,0.0,1.0,0
0.8437964916229248,1.0,0.389938086271286,2.0,2.0,0.5,0.6000000238418579,8.0,0.0,0.8229238986968994,0.763086199760437,0.0,0.0,2.0,1.0,0.26294583082199097,-0.478780597448349,135.0,0.0,1.0,0.0,2.0,0.0,0.0,1.0,0
0.6075708866119385,6.0,0.12188735604286194,9.0,0.0,0.5,0.5,4.0,0.0,1.0,1.0,2.0,1.0,0.0,1.0,0.9549387097358704,0.7089040279388428,0.0,0.0,4.0,0.0,1.0,0.0,0.0,1.0,0
0.5728030800819397,4.0,0.4391636252403259,0.0,1.0,0.5,0.6000000238418579,7.0,0.0,1.0,0.4824346899986267,2.0,0.0,5.0,1.0,0.37366175651550293,1.0,180.0,0.4000000059604645,1.0,24.0,1.0,0.0,0.0,0.0,4
0.8488059043884277,4.0,0.1786801666021347,6.0,2.0,0.5,0.6000000238418579,2.0,0.0,1.0,1.0,2.0,0.0,5.0,0.0,0.9155017733573914,-0.5,180.0,0.10000000149011612,4.0,0.0,1.0,1.0,0.0,0.0,7
0.8685267567634583,7.0,0.16299991309642792,3.0,2.0,0.6000000238418579,0.5,7.0,0.0,1.0,1.0,2.0,0.0,6.0,0.0,0.4635489881038666,0.8440438508987427,135.0,0.10000000149011612,16.0,0.0,1.0,1.0,0.0,1.0,4
0.8372218608856201,3.0,0.23324432969093323,0.0,0.0,0.5,0.5,2.0,0.0,0.8611862063407898,0.7081495523452759,0.0,1.0,5.0,2.0,0.9130131602287292,0.5,0.0,0.0,1.0,180.0,1.0,0.0,0.0,1.0,2
0.8674707412719727,8.0,0.10557837784290314,2.0,0.0,0.5,0.6000000238418579,4.0,0.0,1.0,0.7129608392715454,2.0,1.0,5.0,0.0,0.8737238049507141,-0.5,225.0,0.30000001192092896,1.0,0.0,0.0,0.0,0.0,1.0,3
0.13256233930587769,3.0,0.20893260836601257,7.0,2.0,0.5,0.5,5.0,0.0,0.5817267894744873,0.43197694420814514,3.0,1.0,1.0,1.0,0.40030092000961304,1.0,270.0,0.0,3.0,180.0,0.0,0.0,140.0,1.0,3
0.6202840209007263,3.0,0.19634437561035156,0.0,0.0,0.5,0.5,4.0,0.0,0.6847110986709595,1.0,1.0,1.0,5.0,1.0,0.2380814403295517,0.5,27.0,0.0,1.0,64.0,1.0,1.0,0.0,1.0,4
0.31914448738098145,3.0,0.49591293931007385,0.0,2.0,0.5,0.5,2.0,0.0,0.8153190612792969,0.5563942193984985,2.0,0.0,2.0,2.0,0.16038861870765686,-0.5,45.0,0.30000001192092896,19.0,0.0,2.0,1.0,135.0,1.0,0
0.9190622568130493,2.0,0.10763950645923615,0.0,1.0,0.6000000238418579,0.5,5.0,0.0,1.0,1.0,0.0,0.0,1.0,0.0,0.26022884249687195,0.3437036871910095,0.0,0.0,1.0,180.0,1.0,1.0,0.0,1.0,5
0.3585506081581116,1.0,0.49825769662857056,0.0,1.0,0.6000000238418579,0.5,4.0,0.0,1.0,0.8176552057266235,1.0,1.0,1.0,2.0,0.747002899646759,1.0,0.0,0.5,3.0,315.0,0.0,0.0,254.0,1.0,5
0.8004302382469177,1.0,0.06421486288309097,10.0,0.0,0.6000000238418579,0.6000000238418579,7.0,0.0,0.5705620050430298,0.9835275411605835,3.0,1.0,3.0,1.0,0.7863169312477112,-0.5,0.0,0.4706563949584961,5.0,0.0,1.0,0.0,0.0,1.0,5
0.868101179599762,3.0,0.11213131248950958,0.0,0.0,0.6000000238418579,0.5,5.0,0.0,1.0,1.0,1.0,0.0,5.0,0.0,0.9584794640541077,0.0,180.0,0.0,4.0,0.0,0.0,1.0,0.0,0.0,7
0.22440510988235474,4.0,0.45189839601516724,0.0,2.0,0.6000000238418579,0.6000000238418579,6.0,0.0,1.0,1.0,0.0,1.0,5.0,0.0,0.8487703800201416,0.0,180.0,0.0,3.0,90.0,0.0,0.0,90.0,1.0,4
0.8251089453697205,1.0,0.1211870089173317,6.0,0.0,0.5,0.5,4.0,0.0,0.6409229040145874,0.5754066109657288,3.0,0.0,1.0,1.0,0.6200673580169678,-0.3222324848175049,180.0,0.0,1.0,225.0,2.0,0.0,0.0,1.0,0
0.42904144525527954,3.0,0.4615267813205719,5.0,1.0,0.5,0.6000000238418579,8.0,0.0,1.0,0.7300348281860352,3.0,1.0,2.0,2.0,0.4559163451194763,0.0,270.0,0.0,7.0,225.0,1.0,0.0,140.0,1.0,5
0.1969141960144043,1.0,0.32861727476119995,0.0,2.0,0.5,0.5,4.0,0.0,0.5640639066696167,1.0,3.0,0.0,3.0,2.0,0.5496317148208618,0.5,0.0,0.0,2.0,90.0,0.0,1.0,63.0,0.0,5
0.46085721254348755,1.0,0.25425317883491516,10.0,1.0,0.5,0.5,2.0,0.0,0.7330156564712524,0.5364890098571777,2.0,0.0,6.0,2.0,0.7525116801261902,1.0,135.0,0.0,5.0,90.0,0.0,1.0,356.0,0.0,5
0.9967017769813538,6.0,0.38419124484062195,8.0,1.0,0.6000000238418579,0.5,4.0,0.0,0.8699851036071777,1.0,0.0,0.0,1.0,2.0,0.18175548315048218,1.0,90.0,0.0,16.0,45.0,0.0,1.0,0.0,1.0,6
0.38104087114334106,3.0,0.2732308506965637,7.0,2.0,0.6000000238418579,0.5,1.0,0.0,1.0,0.4996415972709656,0.0,1.0,2.0,2.0,0.17616812884807587,1.0,135.0,0.5232293605804443,1.0,0.0,0.0,0.0,0.0,0.0,3
0.265098512172699,8.0,0.2368345707654953,3.0,1.0,0.5,0.6000000238418579,2.0,0.0,0.9438117742538452,1.0,0.0,0.0,3.0,0.0,0.9252384305000305,-0.5,0.0,0.0,11.0,0.0,0.0,1.0,0.0,1.0,3
0.6474400162696838,6.0,0.298895001411438,0.0,0.0,0.6000000238418579,0.6000000238418579,8.0,0.0,0.7846037149429321,0.9608527421951294,0.0,1.0,3.0,1.0,0.38467633724212646,1.0,180.0,0.0,1.0,0.0,1.0,0.0,0.0,1.0,3
0.47755277156829834,6.0,0.4488629698753357,0.0,2.0,0.5,0.6000000238418579,0.0,0.0,0.8817384243011475,0.5497964024543762,3.0,0.0,2.0,0.0,0.5289957523345947,1.0,270.0,0.0,3.0,323.0,1.0,1.0,0.0,0.0,3
0.17233121395111084,3.0,0.37284258008003235,0.0,1.0,0.5,0.5,7.0,0.0,1.0,1.0,1.0,1.0,1.0,0.0,0.5792283415794373,0.0,0.0,0.0,1.0,0.0,0.0,0.0,0.0,1.0,3
0.8774945735931396,2.0,0.24686948955059052,9.0,1.0,0.5,0.5,7.0,0.0,0.9658268690109253,0.7222089171409607,2.0,0.0,1.0,2.0,0.781354546546936,0.0,45.0,0.0,19.0,315.0,2.0,0.0,282.0,1.0,0
0.5559709072113037,3.0,0.04864349961280823,6.0,2.0,0.5,0.5,1.0,0.0,0.9761855602264404,0.5052571296691895,2.0,1.0,3.0,0.0,0.6485381126403809,-0.5,180.0,0.0,14.0,244.0,0.0,1.0,0.0,1.0,4
0.23527735471725464,1.0,0.15648767352104187,0.0,1.0,0.5,0.5,0.0,0.0,0.6817742586135864,0.8419337272644043,2.0,1.0,0.0,0.0,0.5177487730979919,-0.5,180.0,0.0,2.0,0.0,0.0,0.0,153.0,1.0,5
0.9959278702735901,2.0,0.4556944668292999,0.0,0.0,0.5,0.6000000238418579,1.0,0.0,1.0,1.0,0.0,0.0,3.0,1.0,0.30886098742485046,-0.5,135.0,0.0,9.0,270.0,2.0,0.0,0.0,1.0,0
0.5329009294509888,2.0,0.4849191904067993,0.0,2.0,0.6000000238418579,0.5,3.0,0.0,1.0,1.0,0.0,1.0,1.0,1.0,0.06181264668703079,1.0,0.0,0.30000001192092896,3.0,0.0,0.0,0.0,0.0,1.0,4
0.3721964955329895,4.0,0.4400041699409485,0.0,2.0,0.6000000238418579,0.5,0.0,0.0,1.0,0.8567448854446411,2.0,1.0,6.0,0.0,0.4149112105369568,0.5,0.0,0.4000000059604645,17.0,0.0,0.0,1.0,0.0,1.0,6
0.07451558113098145,3.0,0.13733774423599243,8.0,1.0,0.5,0.5,3.0,0.0,0.6775935292243958,0.9770641326904297,0.0,0.0,2.0,0.0,0.4748726189136505,0.147233247756958,135.0,0.0,1.0,0.0,0.0,1.0,0.0,1.0,3
0.008091747760772705,3.0,0.24024330079555511,6.0,0.0,0.6000000238418579,0.5,0.0,0.0,1.0,1.0,0.0,1.0,4.0,2.0,0.26667824387550354,0.5,315.0,0.4000000059604645,3.0,180.0,2.0,0.0,0.0,1.0,7
0.522707462310791,1.0,0.2532796263694763,5.0,0.0,0.5,0.6000000238418579,1.0,0.0,1.0,0.8761081099510193,1.0,0.0,3.0,0.0,0.9388376474380493,0.5720897912979126,90.0,0.30000001192092896,2.0,180.0,0.0,0.0,0.0,1.0,6
0.6069250702857971,3.0,0.18517033755779266,0.0,1.0,0.5,0.6000000238418579,4.0,0.0,1.0,0.4121207296848297,1.0,1.0,0.0,1.0,0.8871409296989441,0.0,180.0,0.0,3.0,0.0,1.0,1.0,0.0,1.0,4
0.3605651259422302,1.0,0.14913253486156464,5.0,1.0,0.6000000238418579,0.5,4.0,0.0,0.5096616148948669,1.0,0.0,0.0,5.0,2.0,0.44748803973197937,0.5,0.0,0.0,4.0,0.0,2.0,1.0,0.0,1.0,3
0.8644617795944214,4.0,0.31521111726760864,2.0,0.0,0.6000000238418579,0.5,2.0,0.0,0.7324113249778748,1.0,1.0,1.0,3.0,0.0,0.49588072299957275,0.6855167150497437,180.0,0.0,1.0,0.0,0.0,0.0,0.0,1.0,3
0.27952778339385986,7.0,0.44172248244285583,0.0,0.0,0.6000000238418579,0.5,7.0,0.0,0.8553580045700073,1.0,1.0,1.0,1.0,2.0,0.48116251826286316,0.0,270.0,0.0,12.0,0.0,2.0,1.0,0.0,1.0,0
0.2571595311164856,3.0,0.21985848248004913,0.0,0.0,0.6000000238418579,0.6000000238418579,1.0,0.0,0.4617307782173157,1.0,3.0,0.0,6.0,2.0,0.7035932540893555,0.5,180.0,0.41685402393341064,1.0,180.0,0.0,1.0,0.0,1.0,3
0.9930139780044556,3.0,0.36688756942749023,5.0,1.0,0.5,0.6000000238418579,4.0,0.0,0.43246275186538696,0.6407852172851562,1.0,0.0,0.0,1.0,0.5898439288139343,1.0,90.0,0.0,14.0,0.0,0.0,0.0,0.0,1.0,3
0.5061880350112915,1.0,0.27144819498062134,0.0,1.0,0.5,0.6000000238418579,3.0,0.0,1.0,0.40506619215011597,3.0,0.0,6.0,1.0,0.15249772369861603,0.0,0.0,0.30000001192092896,4.0,180.0,2.0,1.0,0.0,1.0,4
0.9758323431015015,1.0,0.39026111364364624,0.0,2.0,0.5,0.5,0.0,0.0,1.0,0.49527961015701294,2.0,0.0,0.0,1.0,0.6596431732177734,-0.17596501111984253,180.0,0.11803996562957764,9.0,30.0,1.0,0.0,0.0,1.0,4
0.2172302007675171,6.0,0.24142134189605713,8.0,1.0,0.5,0.5,4.0,0.0,1.0,0.8053297400474548,3.0,1.0,4.0,1.0,0.7776455879211426,1.0,270.0,0.0,1.0,180.0,1.0,1.0,0.0,1.0,4
0.6293731331825256,2.0,0.42970821261405945,0.0,1.0,0.5,0.6000000238418579,6.0,0.0,0.44555503129959106,0.6053913831710815,0.0,0.0,6.0,1.0,0.8376821279525757,-0.5,225.0,0.0,1.0,180.0,2.0,0.0,146.0,1.0,0
0.19606435298919678,7.0,0.25740742683410645,0.0,1.0,0.6000000238418579,0.6000000238418579,7.0,0.0,1.0,0.41041916608810425,2.0,1.0,3.0,0.0,0.5641272068023682,0.5,225.0,0.0,9.0,0.0,2.0,0.0,0.0,1.0,0
0.3725811243057251,3.0,0.0644163116812706,0.0,0.0,0.6000000238418579,0.5,6.0,0.0,1.0,0.8601198196411133,3.0,0.0,4.0,1.0,0.5403739213943481,0.5,0.0,0.0,5.0,0.0,2.0,1.0,0.0,1.0,1
0.9399276971817017,4.0,0.08723864704370499,3.0,0.0,0.5,0.5,0.0,0.0,0.47342970967292786,1.0,1.0,1.0,0.0,2.0,0.8251768350601196,0.028122663497924805,0.0,0.0,3.0,0.0,0.0,1.0,0.0,0.0,4
0.15870970487594604,1.0,0.49452778697013855,3.0,0.0,0.5,0.6000000238418579,0.0,0.0,1.0,1.0,0.0,1.0,5.0,2.0,0.8201029896736145,1.0,135.0,0.0,4.0,180.0,0.0,1.0,0.0,1.0,4
0.804661214351654,1.0,0.291562557220459,0.0,0.0,0.6000000238418579,0.5,3.0,0.0,1.0,1.0,0.0,0.0,2.0,1.0,0.9261764883995056,0.0,0.0,0.5,1.0,45.0,0.0,1.0,0.0,1.0,4
0.9178563356399536,1.0,0.45964884757995605,0.0,2.0,0.6000000238418579,0.5,3.0,0.0,0.45688116550445557,1.0,2.0,1.0,0.0,1.0,0.11530250310897827,0.874201774597168,180.0,0.9739798307418823,1.0,180.0,1.0,1.0,40.0,1.0,3
0.3476356267929077,1.0,0.28671911358833313,3.0,0.0,0.6000000238418579,0.5,0.0,0.0,1.0,0.9080729484558105,1.0,0.0,2.0,2.0,0.8795576095581055,-0.5,0.0,0.0,2.0,180.0,0.0,0.0,0.0,1.0,3
0.42527931928634644,4.0,0.04678978770971298,8.0,2.0,0.5,0.5,0.0,0.0,1.0,1.0,3.0,1.0,4.0,2.0,0.9589306712150574,-0.5,0.0,0.0,4.0,45.0,1.0,1.0,0.0,0.0,4
0.3464585542678833,4.0,0.165104940533638,0.0,2.0,0.6000000238418579,0.5,3.0,0.0,0.8692638278007507,0.4022462069988251,3.0,1.0,6.0,2.0,0.8856020569801331,-0.3029802143573761,283.0,0.0,1.0,333.0,2.0,1.0,0.0,1.0,0